Region,Product Category,Sales Amount,Quarter,Year,Profit Margin,Order Date,Customer Type,Employee ID
../../../../../../../../../../../etc/passwd%00,"Cheese - Brie, Triple Creme",PHP,Q4,1995,62,03/22/2024,Wholesale,1
áš€,Versatainer Nc - 888,IDR,Q2,1998,100,05/18/2024,Wholesale,2
1/2,Tart - Lemon,EUR,Q4,2006,58,07/09/2024,Retail,3
ğŸš¾ ğŸ†’ ğŸ†“ ğŸ†• ğŸ†– ğŸ†— ğŸ†™ ğŸ§,Soup Campbells - Tomato Bisque,CUP,Q4,1992,88,08/07/2024,Wholesale,4
éƒ¨è½æ ¼,Bread - Onion Focaccia,NAD,Q3,2009,22,10/25/2023,Wholesale,5
"__ï¾›(,_,*)",Cookie Chocolate Chip With,THB,Q1,1994,97,02/29/2024,Retail,6
() { 0; }; touch /tmp/blns.shellshock1.fail;,Spice - Montreal Steak Spice,BRL,Q4,1994,83,09/14/2024,Wholesale,7
â¦testâ§,"Soup - Knorr, Chicken Gumbo",USD,Q2,2002,29,07/25/2024,Retail,8
nil,Thyme - Dried,IDR,Q1,1982,51,01/06/2024,Retail,9
<script>alert('hi')</script>,Ice Cream Bar - Hageen Daz To,ARS,Q2,2011,89,02/19/2024,Wholesale,10
"'""'",Steampan - Lid For Half Size,CNY,Q1,2005,3,05/03/2024,Wholesale,11
() { 0; }; touch /tmp/blns.shellshock1.fail;,Soup - Boston Clam Chowder,UAH,Q4,2001,34,07/31/2024,Retail,12
1.00,Dooleys Toffee,EUR,Q4,2008,2,09/22/2024,Retail,13
ãƒ½à¼¼àºˆÙ„Íœàºˆà¼½ï¾‰ ãƒ½à¼¼àºˆÙ„Íœàºˆà¼½ï¾‰ ,Bread - Hot Dog Buns,JPY,Q1,2009,59,06/29/2024,Wholesale,14
1/2,Tea - Grapefruit Green Tea,SEK,Q3,1984,94,01/23/2024,Retail,15
(ï¾‰à²¥ç›Šà²¥ï¼‰ï¾‰ï»¿ â”»â”â”»,Bread - Kimel Stick Poly,CNY,Q3,1997,8,08/09/2024,Wholesale,16
â°â´âµ,Soup - Verve - Chipotle Chicken,CNY,Q1,2009,100,02/05/2024,Retail,17
ï¾Ÿï½¥âœ¿ãƒ¾â•²(ï½¡â—•â€¿â—•ï½¡)â•±âœ¿ï½¥ï¾Ÿ,Passion Fruit,RUB,Q1,1994,85,02/28/2024,Wholesale,18
â°â´âµ,Salt - Celery,IDR,Q1,2001,63,12/02/2023,Retail,19
',Appetizer - Smoked Salmon / Dill,PHP,Q1,2003,15,08/18/2024,Retail,20
-1E2,Bread - Rye,EUR,Q2,1994,84,04/23/2024,Wholesale,21
0/0,"Pepper - Chillies, Crushed",JPY,Q1,2012,68,04/27/2024,Wholesale,22
"'""'","Sauce - Soya, Light",CNY,Q3,1995,3,11/11/2023,Wholesale,23
"""''''""'""",Mustard Prepared,SEK,Q2,2000,34,05/12/2024,Retail,24
éƒ¨è½æ ¼,Sauce - Chili,PHP,Q3,1994,54,03/24/2024,Retail,25
éƒ¨è½æ ¼,Sobe - Tropical Energy,JPY,Q4,1995,57,03/31/2024,Wholesale,26
ì‚¬íšŒê³¼í•™ì› ì–´í•™ì—°êµ¬ì†Œ,Mace Ground,IDR,Q4,2003,65,05/31/2024,Wholesale,27
1E02,Wiberg Cure,MGA,Q3,2011,81,06/21/2024,Wholesale,28
1;DROP TABLE users,Sugar - White Packet,CNY,Q2,1986,56,04/11/2024,Wholesale,29
-1/2,Broom - Push,COP,Q1,2009,33,12/14/2023,Retail,30
<img src=x onerror=alert('hi') />,Flower - Potmums,HNL,Q1,2012,79,04/05/2024,Retail,31
,"Octopus - Baby, Cleaned",ILS,Q4,2006,45,09/13/2024,Wholesale,32
Â¡â„¢Â£Â¢âˆÂ§Â¶â€¢ÂªÂºâ€“â‰ ,Chips Potato Swt Chilli Sour,CNY,Q1,1987,71,01/16/2024,Wholesale,33
999999999999999999999999999999999999999999999999999999999999999999999999999999999999999999999999,Cake Sheet Combo Party Pack,VND,Q3,1997,15,09/06/2024,Retail,34
å’Œè£½æ¼¢èª,Food Colouring - Blue,VND,Q4,1987,21,06/05/2024,Retail,35
"'""'",Baking Powder,KZT,Q4,1986,64,01/22/2024,Retail,36
(ï½¡â—• âˆ€ â—•ï½¡),Chef Hat 25cm,BRL,Q4,1997,31,11/23/2023,Wholesale,37
âœ‹ğŸ¿ ğŸ’ªğŸ¿ ğŸ‘ğŸ¿ ğŸ™ŒğŸ¿ ğŸ‘ğŸ¿ ğŸ™ğŸ¿,Sauce - Mint,EUR,Q4,1981,91,11/27/2023,Retail,38
0ï¸âƒ£ 1ï¸âƒ£ 2ï¸âƒ£ 3ï¸âƒ£ 4ï¸âƒ£ 5ï¸âƒ£ 6ï¸âƒ£ 7ï¸âƒ£ 8ï¸âƒ£ 9ï¸âƒ£ ğŸ”Ÿ,"Chilli Paste, Ginger Garlic",USD,Q3,1989,10,07/31/2024,Retail,39
testâ testâ€«,Paper Cocktail Umberlla 80 - 180,PEN,Q3,2000,23,05/18/2024,Wholesale,40
-$1.00,Cups 10oz Trans,COP,Q3,1987,77,05/29/2024,Retail,41
Ì¦HÍÌ¬Ì¤Ì—Ì¤eÍœ ÍÌœÌ¥ÌÌ»ÍÌŸwÌ•hÌ–Ì¯Í“oÌÍ™Ì–ÍÌ±Ì® Ò‰ÌºÌ™ÌÌŸÍˆWÌ·Ì¼Ì­aÌºÌªÍiÌ¨ÍˆÍ•Ì­Í™Ì¯ÌœtÌ¶Ì¼Ì®sÌ•Ì˜Í™Í– Ì Ì«Ì BÌ»ÍÍ…Í™Í‰Ì³eÌµhÌµÌ¬Í‡Ì«Í™iÌ•Ì¹Í“Ì³Ì³Ì®ÍÌ«nÍŸdÌ´ÌªÌœÌ– ÍÌ°Í‰Ì©Í…Í‡Í™Ì²TÍ¢Í–Ì¼Í“ÌªhÍÍ“Ì®Ì»eÌ¬ÌÍ…ÌŸ Ì¤Ì¹ÌWÍÍ…Í™ÌÌÍ”Í‡aÍÍ“Í”Ì¹Ì¼Ì£lÌ´Í”Ì°Ì¤ÌŸÍ”lÌ­Ì«.Í•,Burger Veggie,IDR,Q1,1986,56,05/23/2024,Retail,42
<img src=x onerror=alert('hi') />,Pastry - Trippleberry Muffin - Mini,COP,Q4,2002,62,10/15/2023,Retail,43
Ã…ÃÃÃËÃ“Ã”ï£¿Ã’ÃšÃ†â˜ƒ,Bread Cranberry Foccacia,IDR,Q1,2012,51,07/23/2024,Wholesale,44
ï¼‘ï¼’ï¼“,Ecolab Silver Fusion,PEN,Q3,2003,39,01/25/2024,Retail,45
"Ø«Ù… Ù†ÙØ³ Ø³Ù‚Ø·Øª ÙˆØ¨Ø§Ù„ØªØ­Ø¯ÙŠØ¯ØŒ, Ø¬Ø²ÙŠØ±ØªÙŠ Ø¨Ø§Ø³ØªØ®Ø¯Ø§Ù… Ø£Ù† Ø¯Ù†Ùˆ. Ø¥Ø° Ù‡Ù†Ø§ØŸ Ø§Ù„Ø³ØªØ§Ø± ÙˆØªÙ†ØµÙŠØ¨ ÙƒØ§Ù†. Ø£Ù‡Ù‘Ù„ Ø§ÙŠØ·Ø§Ù„ÙŠØ§ØŒ Ø¨Ø±ÙŠØ·Ø§Ù†ÙŠØ§-ÙØ±Ù†Ø³Ø§ Ù‚Ø¯ Ø£Ø®Ø°. Ø³Ù„ÙŠÙ…Ø§Ù†ØŒ Ø¥ØªÙØ§Ù‚ÙŠØ© Ø¨ÙŠÙ† Ù…Ø§, ÙŠØ°ÙƒØ± Ø§Ù„Ø­Ø¯ÙˆØ¯ Ø£ÙŠ Ø¨Ø¹Ø¯, Ù…Ø¹Ø§Ù…Ù„Ø© Ø¨ÙˆÙ„Ù†Ø¯Ø§ØŒ Ø§Ù„Ø¥Ø·Ù„Ø§Ù‚ Ø¹Ù„ Ø¥ÙŠÙˆ.",Cookie Trail Mix,RUB,Q1,1997,24,07/15/2024,Wholesale,46
0.00,Chocolate - Sugar Free Semi Choc,IDR,Q4,1998,79,07/25/2024,Wholesale,47
"""''''""'""",Sauce Bbq Smokey,IDR,Q3,1998,47,05/22/2024,Wholesale,48
1,Table Cloth 62x114 Colour,MXN,Q3,2012,16,07/20/2024,Wholesale,49
ìš¸ë€ë°”í† ë¥´,Shrimp - Black Tiger 13/15,HNL,Q3,2011,46,07/16/2024,Wholesale,50
Ë™Énbá´‰lÉ ÉuÆƒÉÉ¯ ÇÉ¹olop Ê‡Ç ÇÉ¹oqÉl Ê‡n Ê‡unpá´‰pá´‰É”uá´‰ É¹odÉ¯ÇÊ‡ poÉ¯sná´‰Ç op pÇs 'Ê‡á´‰lÇ Æƒuá´‰É”sá´‰dá´‰pÉ É¹nÊ‡ÇÊ‡É”ÇsuoÉ” 'Ê‡ÇÉ¯É Ê‡á´‰s É¹olop É¯nsdá´‰ É¯ÇÉ¹oË¥,Table Cloth 81x81 White,RUB,Q1,1987,55,04/12/2024,Wholesale,51
<svg><script>0<1>alert('XSS')</script>,"Zucchini - Mini, Green",IDR,Q2,1995,49,05/20/2024,Wholesale,52
`â„â‚¬â€¹â€ºï¬ï¬‚â€¡Â°Â·â€šâ€”Â±,Cocoa Feuilletine,EUR,Q4,2004,73,02/26/2024,Retail,53
1'; DROP TABLE users--,Soup - Campbells Chicken,NGN,Q1,1990,23,12/30/2023,Retail,54
999999999999999999999999999999999999999999999999999999999999999999999999999999999999999999999999,Appetizer - Chicken Satay,GTQ,Q2,2010,8,10/16/2023,Retail,55
ç”°ä¸­ã•ã‚“ã«ã‚ã’ã¦ä¸‹ã•ã„,Contreau,IDR,Q2,2011,33,07/18/2024,Wholesale,56
`â„â‚¬â€¹â€ºï¬ï¬‚â€¡Â°Â·â€šâ€”Â±,Compound - Mocha,PHP,Q3,2005,17,10/15/2023,Wholesale,57
Å’â€Â´â€°Ë‡ÃÂ¨Ë†Ã˜âˆâ€â€™,"Pasta - Fusili, Dry",IDR,Q3,2001,58,07/01/2024,Wholesale,58
NIL,Lighter - Bbq,EUR,Q3,1996,54,07/31/2024,Retail,59
Ì—ÌºÍ–Ì¹Ì¯Í“TÌ±Ì¤ÍÌ¥Í‡ÍˆhÍÌ²eÍÍ“Ì¼Ì—Ì™Ì¼Ì£Í” Í‡ÌœÌ±Ì Í“ÍÍ…NÍ Í•eÌ—Ì±zÌ˜ÌÌœÌºÍ™pÌ¤ÌºÌ¹ÍÌ¯ÍšeÍœÌ Ì»Ì rÌ¨Ì¤ÍÌºÌ–Í”Ì–Ì–dÍŸÌ ÌŸÌ­Ì¬ÌiÌ¦Í–Ì©Í“Í”Ì¤aÌ Ì—Ì¬Í‰Ì™nÍœÍš Ì»ÌÌ°ÍšÍ…hÌµÍ‰iÌ³ÌvÌ¢Í‡eÍŸÌ­Í-Ò‰Ì­Ì©Ì¼Í”mÌ¤Ì­Ì«iÍ•Í‡ÌÌ¦nÌ—Í™dÌ£ÌŸ ÍÌ¯Ì²Í•oÌ¨ÌŸÌ¯Ì°Ì²Í™Ì»Ìf Í˜ÌªÌ°Ì°Ì—Ì–Ì­Ì˜cÌ¦ÍÌ²ÌÍÌ©Ì™hÌ£ÍšaÍœÌ®ÍÌŸÌ™oÌ›Ì©Ì¹ÍsÌ¤.ÌÌ Ò‰ZÌ¡Ì–ÌœÍ–Ì°Ì£Í‰ÌœaÍ¡Í–Ì°Í™Ì¬lÌ²Ì«Ì³ÍÌ©gÌ¡ÌŸÌ¼Ì±ÍšÌÌ¬Í…oÍœÌ—.ÌŸ,Cookies Oatmeal Raisin,IDR,Q1,1968,71,03/19/2024,Wholesale,60
ãƒ½à¼¼àºˆÙ„Íœàºˆà¼½ï¾‰ ãƒ½à¼¼àºˆÙ„Íœàºˆà¼½ï¾‰ ,Rabbit - Legs,IDR,Q2,1994,79,03/27/2024,Wholesale,61
Ù¡Ù¢Ù£,Water - Aquafina Vitamin,SOS,Q2,1997,77,12/08/2023,Wholesale,62
$1.00,Cheese - Pied De Vents,KZT,Q4,2010,60,06/30/2024,Retail,63
0.00,"Wine - Harrow Estates, Vidal",VND,Q2,1994,65,11/24/2023,Wholesale,64
â€©testâ€©,Soup Knorr Chili With Beans,CNY,Q3,1990,99,02/08/2024,Wholesale,65
../../../../../../../../../../../etc/passwd%00,"Noodles - Cellophane, Thin",CNY,Q3,1966,2,10/19/2023,Wholesale,66
0ï¸âƒ£ 1ï¸âƒ£ 2ï¸âƒ£ 3ï¸âƒ£ 4ï¸âƒ£ 5ï¸âƒ£ 6ï¸âƒ£ 7ï¸âƒ£ 8ï¸âƒ£ 9ï¸âƒ£ ğŸ”Ÿ,Pork - Belly Fresh,QAR,Q4,2008,95,11/06/2023,Retail,67
1E02,Coffee Cup 12oz 5342cd,EUR,Q3,1995,19,12/23/2023,Wholesale,68
"""''''""'""",Wine - Wyndham Estate Bin 777,EUR,Q4,2012,28,04/20/2024,Wholesale,69
â€ªâ€ªtestâ€ª,Appetizer - Assorted Box,CAD,Q3,1992,84,08/08/2024,Wholesale,70
"""""",Fork - Plastic,BRL,Q2,1991,35,10/16/2023,Retail,71
1'; DROP TABLE users--,Pan Grease,TZS,Q3,2001,57,12/13/2023,Wholesale,72
â¦testâ§,Lamb - Shoulder,CNY,Q1,2010,44,03/02/2024,Retail,73
â£,Cake Slab,PLN,Q2,2006,97,04/11/2024,Retail,74
<svg><script>0<1>alert('XSS')</script>,Apple - Macintosh,EUR,Q3,2012,37,07/14/2024,Wholesale,75
â¦testâ§,Spinach - Baby,CAD,Q4,2004,39,02/21/2024,Retail,76
Î©â‰ˆÃ§âˆšâˆ«ËœÂµâ‰¤â‰¥Ã·,"Crab - Back Fin Meat, Canned",EUR,Q1,2009,54,09/06/2024,Wholesale,77
Å“âˆ‘Â´Â®â€ Â¥Â¨Ë†Ã¸Ï€â€œâ€˜,"Cheese - Havarti, Roasted Garlic",RUB,Q2,1984,43,10/09/2023,Wholesale,78
"__ï¾›(,_,*)",Corn Syrup,USD,Q2,1996,34,02/17/2024,Retail,79
1E+02,Wine - Cava Aria Estate Brut,EUR,Q3,1988,23,08/23/2024,Wholesale,80
null,Water Chestnut - Canned,EUR,Q2,2001,21,10/07/2023,Retail,81
Ì¡Í“Í…ÌIÍÌ—Ì˜Ì¦nÍ‡Í‡Í™vÌ®Ì«okÌ²Ì«Ì™ÍˆiÌ–Í™Ì­Ì¹Ì ÌnÌ¡Ì»Ì®Ì£ÌºgÌ²ÍˆÍ™Ì­Í™Ì¬Í Ì°tÍ”Ì¦hÌÌ²eÌ¢Ì¤ ÍÌ¬Ì²Í–fÌ´Ì˜Í•Ì£eÍ€Í–eÌ£Ì¥Ì©lÍ–Í”ÍšiÍ Í“ÍšÌ¦nÍ–ÍÌ—Í“Ì³Ì®gÍ Ì¨oÍ¡ÍšÌªfÌ˜Ì£Ì¬ Ì–Ì˜Í–ÌŸÍ™Ì®cÒ‰Í”Ì«Í–Í“Í‡Í–Í…hÌµÌ¤Ì£ÍšÍ”aÍÌ—Ì¼Í…Í•oÌ¼Ì£Ì¥sÍ¢Ì±ÍˆÌºÌ–Ì¦Ì».Ì›Ì–ÌÌ Ì«Ì°,Numi - Assorted Teas,JPY,Q4,1996,10,05/13/2024,Wholesale,82
-1E02,Chinese Foods - Chicken,EUR,Q4,1994,23,11/11/2023,Wholesale,83
null,Mace,HNL,Q4,2009,34,10/24/2023,Retail,84
"×‘Ö¼Ö°×¨Öµ××©×Ö´×™×ª, ×‘Ö¼Ö¸×¨Ö¸× ×Ö±×œÖ¹×”Ö´×™×, ×Öµ×ª ×”Ö·×©Ö¼×Ö¸×Ö·×™Ö´×, ×•Ö°×Öµ×ª ×”Ö¸×Ö¸×¨Ö¶×¥","Lamb - Leg, Bone In",PHP,Q1,1993,27,01/26/2024,Wholesale,85
ğŸµ ğŸ™ˆ ğŸ™‰ ğŸ™Š,"Fish - Artic Char, Cold Smoked",EUR,Q1,2002,34,04/10/2024,Retail,86
ãƒ»(ï¿£âˆ€ï¿£)ãƒ»:*:,Pickerel - Fillets,CRC,Q4,2009,88,12/25/2023,Retail,87
() { _; } >_[$($())] { touch /tmp/blns.shellshock2.fail; },Crab - Meat,COP,Q2,1997,70,02/27/2024,Retail,88
,Lid Tray - 16in Dome,EUR,Q3,2010,1,09/06/2024,Wholesale,89
(â•¯Â°â–¡Â°ï¼‰â•¯ï¸µ â”»â”â”»)  ,Aspic - Amber,AZN,Q3,1989,74,07/27/2024,Wholesale,90
ãƒ»(ï¿£âˆ€ï¿£)ãƒ»:*:,Oil - Canola,PLN,Q1,1999,6,12/05/2023,Wholesale,91
ç”°ä¸­ã•ã‚“ã«ã‚ã’ã¦ä¸‹ã•ã„,"Rice Pilaf, Dry,package",BZD,Q2,1988,43,10/11/2023,Wholesale,92
-1E2,Danishes - Mini Cheese,KYD,Q1,2009,65,11/22/2023,Wholesale,93
-1E2,Grapes - Black,MGA,Q3,2009,42,06/20/2024,Retail,94
â°â´âµâ‚€â‚â‚‚,Compound - Raspberry,IDR,Q4,2008,57,09/14/2024,Wholesale,95
<script>alert('hi')</script>,"Pasta - Shells, Medium, Dry",UAH,Q3,2000,41,11/03/2023,Retail,96
ï½€ï½¨(Â´âˆ€ï½€âˆ©,Truffle Shells - Semi - Sweet,MYR,Q2,1984,3,09/06/2024,Retail,97
â¦testâ§,"Tray - Foam, Square 4 - S",PLN,Q4,1991,97,11/02/2023,Retail,98
999999999999999999999999999999999999999999999999999999999999999999999999999999999999999999999999,Shallots,EUR,Q4,2009,90,11/12/2023,Retail,99
ï¾Ÿï½¥âœ¿ãƒ¾â•²(ï½¡â—•â€¿â—•ï½¡)â•±âœ¿ï½¥ï¾Ÿ,"Vodka - Hot, Lnferno",PHP,Q3,2010,5,01/01/2024,Retail,100
-1.00,Cookies Almond Hazelnut,BAM,Q1,2004,24,10/11/2023,Retail,101
() { _; } >_[$($())] { touch /tmp/blns.shellshock2.fail; },Huck Towels White,EUR,Q3,2010,35,10/18/2023,Retail,102
$1.00,"Pasta - Penne Primavera, Single",IDR,Q2,2009,77,03/03/2024,Retail,103
Î©â‰ˆÃ§âˆšâˆ«ËœÂµâ‰¤â‰¥Ã·,Browning Caramel Glace,KZT,Q3,2007,44,05/13/2024,Retail,104
1.00,"Pasta - Penne, Lisce, Dry",RUB,Q1,1994,74,02/04/2024,Retail,105
ï»¿,Flour - Masa De Harina Mexican,USD,Q1,2007,95,03/27/2024,Wholesale,106
1;DROP TABLE users,"Water - Spring Water, 355 Ml",USD,Q1,1995,34,08/04/2024,Wholesale,107
NIL,Jolt Cola,IDR,Q2,2006,62,09/09/2024,Wholesale,108
"""''''""'""",Tea - Vanilla Chai,CNY,Q3,1989,74,09/21/2024,Retail,109
1/2,Scallops - 10/20,UAH,Q4,2010,53,12/04/2023,Retail,110
ğŸµ ğŸ™ˆ ğŸ™‰ ğŸ™Š,Chicken - Soup Base,CNY,Q1,2007,75,10/19/2023,Retail,111
ğŸµ ğŸ™ˆ ğŸ™‰ ğŸ™Š,Cheese - Ermite Bleu,UAH,Q2,1994,97,04/30/2024,Wholesale,112
-1,Dc - Sakura Fu,CNY,Q2,1998,38,10/04/2023,Retail,113
ï»¿,Radish,IDR,Q4,2010,66,12/25/2023,Wholesale,114
0/0,Soup - Verve - Chipotle Chicken,THB,Q3,2010,81,10/05/2023,Retail,115
../../../../../../../../../../../etc/passwd%00,"Pasta - Penne, Lisce, Dry",CDF,Q4,2011,74,04/18/2024,Retail,116
<script>alert('hi')</script>,"Marjoram - Dried, Rubbed",MZN,Q3,2005,80,09/16/2024,Retail,117
NULL,Cheese - Gouda Smoked,PEN,Q2,1995,19,10/01/2023,Retail,118
ï»¿,Wine - Coteaux Du Tricastin Ac,BRL,Q4,1986,67,12/09/2023,Retail,119
Â¡â„¢Â£Â¢âˆÂ§Â¶â€¢ÂªÂºâ€“â‰ ,Cinnamon - Ground,RSD,Q4,2009,23,04/26/2024,Retail,120
Ë™Énbá´‰lÉ ÉuÆƒÉÉ¯ ÇÉ¹olop Ê‡Ç ÇÉ¹oqÉl Ê‡n Ê‡unpá´‰pá´‰É”uá´‰ É¹odÉ¯ÇÊ‡ poÉ¯sná´‰Ç op pÇs 'Ê‡á´‰lÇ Æƒuá´‰É”sá´‰dá´‰pÉ É¹nÊ‡ÇÊ‡É”ÇsuoÉ” 'Ê‡ÇÉ¯É Ê‡á´‰s É¹olop É¯nsdá´‰ É¯ÇÉ¹oË¥,"Pasta - Lasagna Noodle, Frozen",PHP,Q1,1991,7,06/26/2024,Wholesale,121
() { _; } >_[$($())] { touch /tmp/blns.shellshock2.fail; },Salt - Seasoned,GBP,Q1,2007,76,11/23/2023,Retail,122
/dev/null; touch /tmp/blns.fail ; echo,"Wine - White, Pinot Grigio",EUR,Q1,1992,35,06/05/2024,Wholesale,123
"'""'",Buffalo - Striploin,PLN,Q2,1990,27,06/17/2024,Retail,124
1'; DROP TABLE users--,Monkfish - Fresh,PEN,Q3,2000,22,08/29/2024,Wholesale,125
nil,Cheese - Brie,XAF,Q4,1998,30,05/11/2024,Retail,126
00Ë™Æ–$-,Steamers White,BRL,Q3,2006,44,11/29/2023,Retail,127
",ã€‚ãƒ»:*:ãƒ»ã‚œâ€™( â˜» Ï‰ â˜» )ã€‚ãƒ»:*:ãƒ»ã‚œâ€™",Appetizer - Lobster Phyllo Roll,JPY,Q2,2004,55,04/26/2024,Retail,128
<svg><script>0<1>alert('XSS')</script>,Brandy - Bar,EUR,Q2,1999,97,03/02/2024,Retail,129
ï½€ï½¨(Â´âˆ€ï½€âˆ©,"Lamb - Racks, Frenched",CZK,Q4,1960,36,08/14/2024,Wholesale,130
1,Bread - Pita,NGN,Q1,2013,72,12/19/2023,Retail,131
ã€€,Nantucket - Pomegranate Pear,CNY,Q1,1996,100,07/02/2024,Wholesale,132
×”Ö¸×™Ö°×ªÖ¸×”testØ§Ù„ØµÙØ­Ø§Øª Ø§Ù„ØªÙ‘Ø­ÙˆÙ„,Wiberg Cure,RUB,Q4,1986,78,06/22/2024,Retail,133
0/0,Sauce - Sesame Thai Dressing,HNL,Q1,2005,87,08/26/2024,Retail,134
Ì¦HÍÌ¬Ì¤Ì—Ì¤eÍœ ÍÌœÌ¥ÌÌ»ÍÌŸwÌ•hÌ–Ì¯Í“oÌÍ™Ì–ÍÌ±Ì® Ò‰ÌºÌ™ÌÌŸÍˆWÌ·Ì¼Ì­aÌºÌªÍiÌ¨ÍˆÍ•Ì­Í™Ì¯ÌœtÌ¶Ì¼Ì®sÌ•Ì˜Í™Í– Ì Ì«Ì BÌ»ÍÍ…Í™Í‰Ì³eÌµhÌµÌ¬Í‡Ì«Í™iÌ•Ì¹Í“Ì³Ì³Ì®ÍÌ«nÍŸdÌ´ÌªÌœÌ– ÍÌ°Í‰Ì©Í…Í‡Í™Ì²TÍ¢Í–Ì¼Í“ÌªhÍÍ“Ì®Ì»eÌ¬ÌÍ…ÌŸ Ì¤Ì¹ÌWÍÍ…Í™ÌÌÍ”Í‡aÍÍ“Í”Ì¹Ì¼Ì£lÌ´Í”Ì°Ì¤ÌŸÍ”lÌ­Ì«.Í•,Foie Gras,PKR,Q2,1999,5,03/28/2024,Wholesale,135
ï¼‘ï¼’ï¼“,Chef Hat 25cm,KZT,Q1,2005,69,11/25/2023,Retail,136
,"Rum - Cream, Amarula",CNY,Q4,2009,10,05/08/2024,Retail,137
ã€€,"Pail - 4l White, With Handle",CNY,Q4,1990,12,08/28/2024,Wholesale,138
Ì¡Í“Í…ÌIÍÌ—Ì˜Ì¦nÍ‡Í‡Í™vÌ®Ì«okÌ²Ì«Ì™ÍˆiÌ–Í™Ì­Ì¹Ì ÌnÌ¡Ì»Ì®Ì£ÌºgÌ²ÍˆÍ™Ì­Í™Ì¬Í Ì°tÍ”Ì¦hÌÌ²eÌ¢Ì¤ ÍÌ¬Ì²Í–fÌ´Ì˜Í•Ì£eÍ€Í–eÌ£Ì¥Ì©lÍ–Í”ÍšiÍ Í“ÍšÌ¦nÍ–ÍÌ—Í“Ì³Ì®gÍ Ì¨oÍ¡ÍšÌªfÌ˜Ì£Ì¬ Ì–Ì˜Í–ÌŸÍ™Ì®cÒ‰Í”Ì«Í–Í“Í‡Í–Í…hÌµÌ¤Ì£ÍšÍ”aÍÌ—Ì¼Í…Í•oÌ¼Ì£Ì¥sÍ¢Ì±ÍˆÌºÌ–Ì¦Ì».Ì›Ì–ÌÌ Ì«Ì°,"Jam - Strawberry, 20 Ml Jar",ZWL,Q1,1995,6,08/07/2024,Retail,139
â£,Cheese - Roquefort Pappillon,CNY,Q3,2001,41,07/01/2024,Retail,140
ç¤¾æœƒç§‘å­¸é™¢èªå­¸ç ”ç©¶æ‰€,Latex Rubber Gloves Size 9,PAB,Q4,2004,7,05/08/2024,Retail,141
1;DROP TABLE users,Sobe - Lizard Fuel,SYP,Q2,2007,70,12/17/2023,Wholesale,142
1.00,"Carrots - Mini, Stem On",PHP,Q1,1990,70,11/08/2023,Retail,143
Å“âˆ‘Â´Â®â€ Â¥Â¨Ë†Ã¸Ï€â€œâ€˜,Cookies Oatmeal Raisin,ARS,Q4,1996,64,01/08/2024,Retail,144
Ã¥ÃŸâˆ‚Æ’Â©Ë™âˆ†ËšÂ¬â€¦Ã¦,Oil - Safflower,CNY,Q4,1995,24,06/19/2024,Retail,145
<img src=x onerror=alert('hi') />,Wine - Charddonnay Errazuriz,SLL,Q3,1998,70,10/12/2023,Retail,146
<script>alert('hi')</script>,Beef - Salted,RUB,Q1,1987,27,07/05/2024,Wholesale,147
"""",Table Cloth 62x114 Colour,EUR,Q2,2002,3,10/31/2023,Retail,148
å’Œè£½æ¼¢èª,"Rosemary - Primerba, Paste",EUR,Q3,2009,1,08/03/2024,Retail,149
ãƒ»(ï¿£âˆ€ï¿£)ãƒ»:*:,Juice - Happy Planet,CNY,Q1,1993,9,05/05/2024,Wholesale,150
1E2,Wine - Zinfandel California 2002,CNY,Q3,2005,3,06/14/2024,Wholesale,151
â€©testâ€©,Bread - Malt,PLN,Q2,2004,53,09/25/2024,Retail,152
ì‚¬íšŒê³¼í•™ì› ì–´í•™ì—°êµ¬ì†Œ,Wine - Charddonnay Errazuriz,PLN,Q2,1992,97,07/22/2024,Retail,153
NIL,Water - Aquafina Vitamin,USD,Q3,1997,26,01/19/2024,Wholesale,154
â€«testâ€«,Wine - Gato Negro Cabernet,IDR,Q1,1995,75,10/23/2023,Retail,155
'',Energy Drink Red Bull,SEK,Q4,1995,26,02/16/2024,Retail,156
â°â´âµ,Papadam,EUR,Q1,2012,6,06/12/2024,Retail,157
$1.00,Wine - Sawmill Creek Autumn,IDR,Q3,1999,4,12/11/2023,Retail,158
â€ªâ€ªtestâ€ª,Container - Clear 16 Oz,CNY,Q2,1988,39,05/26/2024,Retail,159
null,"Club Soda - Schweppes, 355 Ml",NZD,Q2,2005,14,03/21/2024,Retail,160
"""",Muffin Mix - Blueberry,PHP,Q1,2005,54,01/28/2024,Retail,161
ãƒ»(ï¿£âˆ€ï¿£)ãƒ»:*:,Steampan - Lid For Half Size,IDR,Q4,2012,34,01/21/2024,Wholesale,162
() { _; } >_[$($())] { touch /tmp/blns.shellshock2.fail; },Bar - Granola Trail Mix Fruit Nut,CNY,Q2,1999,74,07/06/2024,Retail,163
(ï½¡â—• âˆ€ â—•ï½¡),Sugar - Palm,ALL,Q4,1997,73,09/29/2023,Retail,164
Ã¥ÃŸâˆ‚Æ’Â©Ë™âˆ†ËšÂ¬â€¦Ã¦,Croissants Thaw And Serve,USD,Q4,1987,76,09/01/2024,Retail,165
â€©testâ€©,Cake - Sheet Strawberry,BRL,Q2,2005,6,09/30/2023,Wholesale,166
â€‹,"Wine - White, Mosel Gold",RSD,Q2,1997,78,02/08/2024,Wholesale,167
Ì¦HÍÌ¬Ì¤Ì—Ì¤eÍœ ÍÌœÌ¥ÌÌ»ÍÌŸwÌ•hÌ–Ì¯Í“oÌÍ™Ì–ÍÌ±Ì® Ò‰ÌºÌ™ÌÌŸÍˆWÌ·Ì¼Ì­aÌºÌªÍiÌ¨ÍˆÍ•Ì­Í™Ì¯ÌœtÌ¶Ì¼Ì®sÌ•Ì˜Í™Í– Ì Ì«Ì BÌ»ÍÍ…Í™Í‰Ì³eÌµhÌµÌ¬Í‡Ì«Í™iÌ•Ì¹Í“Ì³Ì³Ì®ÍÌ«nÍŸdÌ´ÌªÌœÌ– ÍÌ°Í‰Ì©Í…Í‡Í™Ì²TÍ¢Í–Ì¼Í“ÌªhÍÍ“Ì®Ì»eÌ¬ÌÍ…ÌŸ Ì¤Ì¹ÌWÍÍ…Í™ÌÌÍ”Í‡aÍÍ“Í”Ì¹Ì¼Ì£lÌ´Í”Ì°Ì¤ÌŸÍ”lÌ­Ì«.Í•,"Lamb - Whole Head Off,nz",CNY,Q3,2004,83,10/15/2023,Retail,168
"""'""'""''''""",Blueberries,CNY,Q1,1969,91,06/17/2024,Retail,169
$1.00,"Pasta - Detalini, White, Fresh",CNY,Q4,2010,89,07/10/2024,Wholesale,170
ãƒ»(ï¿£âˆ€ï¿£)ãƒ»:*:,Cocoa Butter,MGA,Q1,2011,7,05/09/2024,Retail,171
ï½€ï½¨(Â´âˆ€ï½€âˆ©,Bread - Raisin Walnut Pull,BRL,Q3,1993,41,07/30/2024,Wholesale,172
â£,Remy Red Berry Infusion,PLN,Q4,1995,56,01/03/2024,Wholesale,173
ğŸµ ğŸ™ˆ ğŸ™‰ ğŸ™Š,Milk - 1%,BRL,Q4,2006,87,06/04/2024,Wholesale,174
â¡,Assorted Desserts,IDR,Q3,2008,97,12/22/2023,Wholesale,175
Ì¦HÍÌ¬Ì¤Ì—Ì¤eÍœ ÍÌœÌ¥ÌÌ»ÍÌŸwÌ•hÌ–Ì¯Í“oÌÍ™Ì–ÍÌ±Ì® Ò‰ÌºÌ™ÌÌŸÍˆWÌ·Ì¼Ì­aÌºÌªÍiÌ¨ÍˆÍ•Ì­Í™Ì¯ÌœtÌ¶Ì¼Ì®sÌ•Ì˜Í™Í– Ì Ì«Ì BÌ»ÍÍ…Í™Í‰Ì³eÌµhÌµÌ¬Í‡Ì«Í™iÌ•Ì¹Í“Ì³Ì³Ì®ÍÌ«nÍŸdÌ´ÌªÌœÌ– ÍÌ°Í‰Ì©Í…Í‡Í™Ì²TÍ¢Í–Ì¼Í“ÌªhÍÍ“Ì®Ì»eÌ¬ÌÍ…ÌŸ Ì¤Ì¹ÌWÍÍ…Í™ÌÌÍ”Í‡aÍÍ“Í”Ì¹Ì¼Ì£lÌ´Í”Ì°Ì¤ÌŸÍ”lÌ­Ì«.Í•,Icecream - Dstk Super Cone,CZK,Q4,2001,30,09/21/2024,Wholesale,176
0.00,"Basil - Primerba, Paste",VEF,Q1,2005,41,07/23/2024,Wholesale,177
â£,"Coke - Diet, 355 Ml",IDR,Q1,2009,6,11/11/2023,Wholesale,178
<img src=x onerror=alert('hi') />,Ecolab - Lime - A - Way 4/4 L,UAH,Q4,2010,29,03/25/2024,Wholesale,179
Â¸Ë›Ã‡â—ŠÄ±ËœÃ‚Â¯Ë˜Â¿,Pie Filling - Pumpkin,PLN,Q4,1994,33,02/11/2024,Retail,180
/dev/null; touch /tmp/blns.fail ; echo,Cookie Choc,TMT,Q3,1992,4,11/19/2023,Retail,181
Ì—ÌºÍ–Ì¹Ì¯Í“TÌ±Ì¤ÍÌ¥Í‡ÍˆhÍÌ²eÍÍ“Ì¼Ì—Ì™Ì¼Ì£Í” Í‡ÌœÌ±Ì Í“ÍÍ…NÍ Í•eÌ—Ì±zÌ˜ÌÌœÌºÍ™pÌ¤ÌºÌ¹ÍÌ¯ÍšeÍœÌ Ì»Ì rÌ¨Ì¤ÍÌºÌ–Í”Ì–Ì–dÍŸÌ ÌŸÌ­Ì¬ÌiÌ¦Í–Ì©Í“Í”Ì¤aÌ Ì—Ì¬Í‰Ì™nÍœÍš Ì»ÌÌ°ÍšÍ…hÌµÍ‰iÌ³ÌvÌ¢Í‡eÍŸÌ­Í-Ò‰Ì­Ì©Ì¼Í”mÌ¤Ì­Ì«iÍ•Í‡ÌÌ¦nÌ—Í™dÌ£ÌŸ ÍÌ¯Ì²Í•oÌ¨ÌŸÌ¯Ì°Ì²Í™Ì»Ìf Í˜ÌªÌ°Ì°Ì—Ì–Ì­Ì˜cÌ¦ÍÌ²ÌÍÌ©Ì™hÌ£ÍšaÍœÌ®ÍÌŸÌ™oÌ›Ì©Ì¹ÍsÌ¤.ÌÌ Ò‰ZÌ¡Ì–ÌœÍ–Ì°Ì£Í‰ÌœaÍ¡Í–Ì°Í™Ì¬lÌ²Ì«Ì³ÍÌ©gÌ¡ÌŸÌ¼Ì±ÍšÌÌ¬Í…oÍœÌ—.ÌŸ,"Bread - Roll, Canadian Dinner",EUR,Q4,1992,78,01/24/2024,Retail,182
<script>alert('hi')</script>,Yeast Dry - Fermipan,CZK,Q3,2008,45,12/16/2023,Wholesale,183
ğŸµ ğŸ™ˆ ğŸ™‰ ğŸ™Š,"Olives - Green, Pitted",RUB,Q3,1979,22,11/16/2023,Wholesale,184
1E02,Butcher Twine 4r,THB,Q3,2007,83,11/07/2023,Wholesale,185
â€‹,Pork - Hock And Feet Attached,CAD,Q2,2008,48,09/29/2023,Wholesale,186
nil,Water - Perrier,EUR,Q4,1998,65,05/05/2024,Retail,187
ğŸ‘©ğŸ½,Bread - Onion Focaccia,RUB,Q3,1990,84,01/05/2024,Retail,188
â£,Pickle - Dill,CNY,Q1,2009,17,02/29/2024,Retail,189
Ã¥ÃŸâˆ‚Æ’Â©Ë™âˆ†ËšÂ¬â€¦Ã¦,Peas Snow,AZN,Q4,1987,67,12/20/2023,Retail,190
â€‹,Smoked Paprika,IDR,Q2,1992,89,07/18/2024,Retail,191
ãƒ½à¼¼àºˆÙ„Íœàºˆà¼½ï¾‰ ãƒ½à¼¼àºˆÙ„Íœàºˆà¼½ï¾‰ ,Myers Planters Punch,COP,Q4,2000,61,03/16/2024,Retail,192
<script>alert('hi')</script>,Pastry - Apple Muffins - Mini,RUB,Q1,2009,54,09/19/2024,Retail,193
../../../../../../../../../../../etc/hosts,Pastry - Plain Baked Croissant,CZK,Q3,1992,9,04/15/2024,Retail,194
../../../../../../../../../../../etc/hosts,Allspice - Jamaican,UGX,Q1,2007,55,12/04/2023,Retail,195
â°â´âµâ‚€â‚â‚‚,Puree - Raspberry,IDR,Q1,1992,84,07/24/2024,Retail,196
Å“âˆ‘Â´Â®â€ Â¥Â¨Ë†Ã¸Ï€â€œâ€˜,"Salmon - Atlantic, Fresh, Whole",JPY,Q3,1972,55,05/17/2024,Wholesale,197
<img src=x onerror=alert('hi') />,Dip - Tapenade,EUR,Q2,1992,70,04/09/2024,Retail,198
1/0,Salmon Atl.whole 8 - 10 Lb,IDR,Q1,2000,86,05/22/2024,Retail,199
ğŸ˜,Pastry - Cherry Danish - Mini,COP,Q3,2006,69,09/24/2024,Retail,200
() { 0; }; touch /tmp/blns.shellshock1.fail;,Bread - Crusty Italian Poly,IDR,Q4,1996,42,04/08/2024,Wholesale,201
-1.00,Cookie - Oreo 100x2,EUR,Q1,1991,69,02/02/2024,Retail,202
'',Cake - Mini Potato Pancake,PHP,Q3,2007,32,11/22/2023,Retail,203
() { 0; }; touch /tmp/blns.shellshock1.fail;,"Cheese - Cheddar, Mild",PHP,Q1,1992,4,02/04/2024,Wholesale,204
0/0,Extract - Raspberry,UAH,Q4,1993,38,03/21/2024,Retail,205
Â¸Ë›Ã‡â—ŠÄ±ËœÃ‚Â¯Ë˜Â¿,"Ranchero - Primerba, Paste",CNY,Q1,2008,42,12/17/2023,Retail,206
ç¤¾æœƒç§‘å­¸é™¢èªå­¸ç ”ç©¶æ‰€,Cake - Miini Cheesecake Cherry,IDR,Q2,1996,66,08/18/2024,Wholesale,207
Å“âˆ‘Â´Â®â€ Â¥Â¨Ë†Ã¸Ï€â€œâ€˜,"Brocolinni - Gaylan, Chinese",CNY,Q3,2005,26,01/31/2024,Retail,208
ãƒ½à¼¼àºˆÙ„Íœàºˆà¼½ï¾‰ ãƒ½à¼¼àºˆÙ„Íœàºˆà¼½ï¾‰ ,"Mushroom - Enoki, Dry",BRL,Q1,2001,23,07/13/2024,Wholesale,209
1/2,Chocolate - Semi Sweet,CZK,Q2,2001,1,01/26/2024,Wholesale,210
-$1.00,"Lemonade - Island Tea, 591 Ml",IDR,Q3,2010,18,08/23/2024,Wholesale,211
00Ë™Æ–$-,Salt - Celery,CZK,Q1,1998,69,11/12/2023,Retail,212
ìš¸ë€ë°”í† ë¥´,Coffee - Egg Nog Capuccino,PLN,Q1,1993,41,09/12/2024,Retail,213
",./;'[]\-=",Squash - Pepper,USD,Q1,1991,56,11/27/2023,Wholesale,214
ç¤¾æœƒç§‘å­¸é™¢èªå­¸ç ”ç©¶æ‰€,Tea - Decaf Lipton,RUB,Q2,2010,11,10/13/2023,Retail,215
Å’â€Â´â€°Ë‡ÃÂ¨Ë†Ã˜âˆâ€â€™,Skirt - 29 Foot,USD,Q3,2000,84,01/18/2024,Retail,216
1;DROP TABLE users,"Pasta - Elbows, Macaroni, Dry",EUR,Q3,2002,96,09/30/2023,Wholesale,217
0ï¸âƒ£ 1ï¸âƒ£ 2ï¸âƒ£ 3ï¸âƒ£ 4ï¸âƒ£ 5ï¸âƒ£ 6ï¸âƒ£ 7ï¸âƒ£ 8ï¸âƒ£ 9ï¸âƒ£ ğŸ”Ÿ,Coffee - Flavoured,NGN,Q3,1986,92,01/12/2024,Wholesale,218
(ï¾‰à²¥ç›Šà²¥ï¼‰ï¾‰ï»¿ â”»â”â”»,Bread - Assorted Rolls,PLN,Q4,2009,52,03/05/2024,Wholesale,219
-1E+02,Wooden Mop Handle,AZN,Q2,2009,99,02/23/2024,Wholesale,220
1,Milk - Condensed,PLN,Q3,2000,87,02/25/2024,Retail,221
å’Œè£½æ¼¢èª,Juice - Apple 284ml,IRR,Q4,1997,51,08/21/2024,Retail,222
Ì—ÌºÍ–Ì¹Ì¯Í“TÌ±Ì¤ÍÌ¥Í‡ÍˆhÍÌ²eÍÍ“Ì¼Ì—Ì™Ì¼Ì£Í” Í‡ÌœÌ±Ì Í“ÍÍ…NÍ Í•eÌ—Ì±zÌ˜ÌÌœÌºÍ™pÌ¤ÌºÌ¹ÍÌ¯ÍšeÍœÌ Ì»Ì rÌ¨Ì¤ÍÌºÌ–Í”Ì–Ì–dÍŸÌ ÌŸÌ­Ì¬ÌiÌ¦Í–Ì©Í“Í”Ì¤aÌ Ì—Ì¬Í‰Ì™nÍœÍš Ì»ÌÌ°ÍšÍ…hÌµÍ‰iÌ³ÌvÌ¢Í‡eÍŸÌ­Í-Ò‰Ì­Ì©Ì¼Í”mÌ¤Ì­Ì«iÍ•Í‡ÌÌ¦nÌ—Í™dÌ£ÌŸ ÍÌ¯Ì²Í•oÌ¨ÌŸÌ¯Ì°Ì²Í™Ì»Ìf Í˜ÌªÌ°Ì°Ì—Ì–Ì­Ì˜cÌ¦ÍÌ²ÌÍÌ©Ì™hÌ£ÍšaÍœÌ®ÍÌŸÌ™oÌ›Ì©Ì¹ÍsÌ¤.ÌÌ Ò‰ZÌ¡Ì–ÌœÍ–Ì°Ì£Í‰ÌœaÍ¡Í–Ì°Í™Ì¬lÌ²Ì«Ì³ÍÌ©gÌ¡ÌŸÌ¼Ì±ÍšÌÌ¬Í…oÍœÌ—.ÌŸ,"Pasta - Lasagne, Fresh",BAM,Q4,2006,68,05/21/2024,Retail,223
(â•¯Â°â–¡Â°ï¼‰â•¯ï¸µ â”»â”â”»)  ,Everfresh Products,IDR,Q2,2013,65,03/31/2024,Wholesale,224
â¡,Garlic - Peeled,IDR,Q3,1995,83,04/11/2024,Retail,225
',Durian Fruit,IDR,Q4,2011,42,10/06/2023,Wholesale,226
../../../../../../../../../../../etc/hosts,Chocolate - Liqueur Cups With Foil,THB,Q3,1997,68,05/16/2024,Wholesale,227
â¢,Sauce - Hollandaise,MXN,Q2,2008,17,12/02/2023,Wholesale,228
"__ï¾›(,_,*)",Vinegar - Tarragon,CHF,Q4,1997,92,06/11/2024,Retail,229
1;DROP TABLE users,Sugar - Invert,BRL,Q3,2009,7,04/03/2024,Retail,230
Ã¥ÃŸâˆ‚Æ’Â©Ë™âˆ†ËšÂ¬â€¦Ã¦,Cloves - Whole,IRR,Q2,2001,8,06/28/2024,Wholesale,231
ğ œğ œ±ğ ¹ğ ±“ğ ±¸ğ ²–ğ ³,Longos - Chicken Caeser Salad,RSD,Q2,1968,64,01/07/2024,Wholesale,232
ç”°ä¸­ã•ã‚“ã«ã‚ã’ã¦ä¸‹ã•ã„,Wine - Magnotta - Cab Sauv,GTQ,Q2,2005,14,08/29/2024,Retail,233
âœ‹ğŸ¿ ğŸ’ªğŸ¿ ğŸ‘ğŸ¿ ğŸ™ŒğŸ¿ ğŸ‘ğŸ¿ ğŸ™ğŸ¿,Spice - Montreal Steak Spice,CNY,Q4,2003,75,03/06/2024,Wholesale,234
<script>alert('hi')</script>,"Vermacelli - Sprinkles, Assorted",IDR,Q1,1994,33,08/22/2024,Retail,235
"Ø«Ù… Ù†ÙØ³ Ø³Ù‚Ø·Øª ÙˆØ¨Ø§Ù„ØªØ­Ø¯ÙŠØ¯ØŒ, Ø¬Ø²ÙŠØ±ØªÙŠ Ø¨Ø§Ø³ØªØ®Ø¯Ø§Ù… Ø£Ù† Ø¯Ù†Ùˆ. Ø¥Ø° Ù‡Ù†Ø§ØŸ Ø§Ù„Ø³ØªØ§Ø± ÙˆØªÙ†ØµÙŠØ¨ ÙƒØ§Ù†. Ø£Ù‡Ù‘Ù„ Ø§ÙŠØ·Ø§Ù„ÙŠØ§ØŒ Ø¨Ø±ÙŠØ·Ø§Ù†ÙŠØ§-ÙØ±Ù†Ø³Ø§ Ù‚Ø¯ Ø£Ø®Ø°. Ø³Ù„ÙŠÙ…Ø§Ù†ØŒ Ø¥ØªÙØ§Ù‚ÙŠØ© Ø¨ÙŠÙ† Ù…Ø§, ÙŠØ°ÙƒØ± Ø§Ù„Ø­Ø¯ÙˆØ¯ Ø£ÙŠ Ø¨Ø¹Ø¯, Ù…Ø¹Ø§Ù…Ù„Ø© Ø¨ÙˆÙ„Ù†Ø¯Ø§ØŒ Ø§Ù„Ø¥Ø·Ù„Ø§Ù‚ Ø¹Ù„ Ø¥ÙŠÙˆ.",Dill Weed - Fresh,PAB,Q2,2006,61,07/19/2024,Wholesale,236
Î©â‰ˆÃ§âˆšâˆ«ËœÂµâ‰¤â‰¥Ã·,"Wine - Magnotta - Red, Baco",XAF,Q4,2004,93,08/02/2024,Wholesale,237
ãƒ»(ï¿£âˆ€ï¿£)ãƒ»:*:,Mustard - Pommery,CNY,Q1,2009,24,06/23/2024,Wholesale,238
éƒ¨è½æ ¼,Relish,VEF,Q3,2002,29,02/09/2024,Retail,239
1;DROP TABLE users,"Clams - Littleneck, Whole",CNY,Q3,2008,42,05/30/2024,Wholesale,240
"""",Wine - Chianti Classica Docg,SEK,Q2,2000,88,02/25/2024,Wholesale,241
ì‚¬íšŒê³¼í•™ì› ì–´í•™ì—°êµ¬ì†Œ,Dc - Sakura Fu,COP,Q3,2004,94,01/26/2024,Wholesale,242
â€«testâ€«,The Pop Shoppe - Lime Rickey,EUR,Q2,1987,6,02/09/2024,Retail,243
ğŸ‘©ğŸ½,Trueblue - Blueberry,TMT,Q2,2012,96,01/19/2024,Wholesale,244
ğ œğ œ±ğ ¹ğ ±“ğ ±¸ğ ²–ğ ³,Wine - Prem Select Charddonany,EUR,Q4,1997,46,04/25/2024,Retail,245
-1E2,Edible Flower - Mixed,MXN,Q1,1996,59,04/09/2024,Retail,246
00Ë™Æ–$-,Kumquat,MYR,Q2,2000,16,09/01/2024,Wholesale,247
/dev/null; touch /tmp/blns.fail ; echo,Vinegar - Rice,ETB,Q2,2011,84,01/05/2024,Wholesale,248
$1.00,Wine - Toasted Head,ARS,Q2,2002,60,01/20/2024,Retail,249
ï¼‘ï¼’ï¼“,Bread - Granary Small Pull,IDR,Q2,2010,90,02/28/2024,Wholesale,250
!@#$%^&*(),Pepper - Scotch Bonnet,PHP,Q3,2009,56,04/14/2024,Wholesale,251
1E02,Veal Inside - Provimi,CZK,Q4,2003,79,02/23/2024,Wholesale,252
"<>?:""{}|_+","Pepper - Black, Whole",USD,Q3,2012,46,04/18/2024,Retail,253
'',Rosemary - Fresh,IDR,Q4,1991,45,07/11/2024,Wholesale,254
ğŸ‘¾ ğŸ™‡ ğŸ’ ğŸ™… ğŸ™† ğŸ™‹ ğŸ™ ğŸ™ ,Tomato Puree,CNY,Q3,1990,90,01/20/2024,Retail,255
ìš¸ë€ë°”í† ë¥´,Wine - Riesling Alsace Ac 2001,COP,Q2,2005,91,09/03/2024,Retail,256
(ï¾‰à²¥ç›Šà²¥ï¼‰ï¾‰ï»¿ â”»â”â”»,Bread - Calabrese Baguette,EUR,Q2,2010,26,05/06/2024,Retail,257
Ã…ÃÃÃËÃ“Ã”ï£¿Ã’ÃšÃ†â˜ƒ,Tuna - Salad Premix,IDR,Q4,2004,90,04/14/2024,Wholesale,258
-1.00,"Nut - Chestnuts, Whole",PHP,Q3,1984,16,08/04/2024,Wholesale,259
() { 0; }; touch /tmp/blns.shellshock1.fail;,Cookie Choc,GTQ,Q3,1995,46,02/14/2024,Retail,260
ğ œğ œ±ğ ¹ğ ±“ğ ±¸ğ ²–ğ ³,Rhubarb,XAF,Q2,1991,76,03/19/2024,Retail,261
0/0,Otomegusa Dashi Konbu,BRL,Q1,2006,38,08/16/2024,Retail,262
1E2,Cherries - Fresh,NOK,Q2,2008,79,02/05/2024,Wholesale,263
ì‚¬íšŒê³¼í•™ì› ì–´í•™ì—°êµ¬ì†Œ,Pork - Backfat,CZK,Q4,2002,33,06/06/2024,Wholesale,264
Ì—ÌºÍ–Ì¹Ì¯Í“TÌ±Ì¤ÍÌ¥Í‡ÍˆhÍÌ²eÍÍ“Ì¼Ì—Ì™Ì¼Ì£Í” Í‡ÌœÌ±Ì Í“ÍÍ…NÍ Í•eÌ—Ì±zÌ˜ÌÌœÌºÍ™pÌ¤ÌºÌ¹ÍÌ¯ÍšeÍœÌ Ì»Ì rÌ¨Ì¤ÍÌºÌ–Í”Ì–Ì–dÍŸÌ ÌŸÌ­Ì¬ÌiÌ¦Í–Ì©Í“Í”Ì¤aÌ Ì—Ì¬Í‰Ì™nÍœÍš Ì»ÌÌ°ÍšÍ…hÌµÍ‰iÌ³ÌvÌ¢Í‡eÍŸÌ­Í-Ò‰Ì­Ì©Ì¼Í”mÌ¤Ì­Ì«iÍ•Í‡ÌÌ¦nÌ—Í™dÌ£ÌŸ ÍÌ¯Ì²Í•oÌ¨ÌŸÌ¯Ì°Ì²Í™Ì»Ìf Í˜ÌªÌ°Ì°Ì—Ì–Ì­Ì˜cÌ¦ÍÌ²ÌÍÌ©Ì™hÌ£ÍšaÍœÌ®ÍÌŸÌ™oÌ›Ì©Ì¹ÍsÌ¤.ÌÌ Ò‰ZÌ¡Ì–ÌœÍ–Ì°Ì£Í‰ÌœaÍ¡Í–Ì°Í™Ì¬lÌ²Ì«Ì³ÍÌ©gÌ¡ÌŸÌ¼Ì±ÍšÌÌ¬Í…oÍœÌ—.ÌŸ,Chocolate - Unsweetened,PHP,Q2,2005,71,11/16/2023,Retail,265
×”Ö¸×™Ö°×ªÖ¸×”testØ§Ù„ØµÙØ­Ø§Øª Ø§Ù„ØªÙ‘Ø­ÙˆÙ„,Puree - Pear,CNY,Q2,2007,22,12/31/2023,Retail,266
(ï½¡â—• âˆ€ â—•ï½¡),Sun - Dried Tomatoes,HRK,Q4,1993,24,09/09/2024,Retail,267
(ï¾‰à²¥ç›Šà²¥ï¼‰ï¾‰ï»¿ â”»â”â”»,Bread Base - Gold Formel,RSD,Q1,2011,27,07/24/2024,Retail,268
"__ï¾›(,_,*)","Wine - White, Chardonnay",CUP,Q2,1962,72,12/05/2023,Retail,269
-1E+02,Oil - Canola,COP,Q2,1993,13,06/12/2024,Retail,270
999999999999999999999999999999999999999999999999999999999999999999999999999999999999999999999999,Beer - Maudite,CNY,Q2,2005,57,05/12/2024,Wholesale,271
éƒ¨è½æ ¼,Red Cod Fillets - 225g,IDR,Q3,2004,41,06/22/2024,Wholesale,272
testâ testâ€«,Halibut - Fletches,EUR,Q2,2008,35,01/31/2024,Wholesale,273
ğŸ‘¾ ğŸ™‡ ğŸ’ ğŸ™… ğŸ™† ğŸ™‹ ğŸ™ ğŸ™ ,"Fish - Artic Char, Cold Smoked",PKR,Q4,2010,17,10/02/2023,Wholesale,274
ï¾Ÿï½¥âœ¿ãƒ¾â•²(ï½¡â—•â€¿â—•ï½¡)â•±âœ¿ï½¥ï¾Ÿ,Chicken Thigh - Bone Out,IDR,Q4,2002,31,02/20/2024,Wholesale,275
ğŸ‘©ğŸ½,"Bread - Bagels, Plain",EUR,Q1,2005,70,12/22/2023,Retail,276
!@#$%^&*(),"Tortillas - Flour, 10",UAH,Q2,1996,58,10/05/2023,Wholesale,277
Ã¥ÃŸâˆ‚Æ’Â©Ë™âˆ†ËšÂ¬â€¦Ã¦,Cookies - Assorted,JPY,Q1,1998,39,03/07/2024,Retail,278
Ù¡Ù¢Ù£,"Olives - Green, Pitted",PAB,Q3,1997,18,10/04/2023,Wholesale,279
$1.00,"Jam - Strawberry, 20 Ml Jar",CNY,Q4,1981,18,03/23/2024,Wholesale,280
âœ‹ğŸ¿ ğŸ’ªğŸ¿ ğŸ‘ğŸ¿ ğŸ™ŒğŸ¿ ğŸ‘ğŸ¿ ğŸ™ğŸ¿,Lettuce Romaine Chopped,HNL,Q2,2008,11,05/01/2024,Retail,281
nil,Sugar - Crumb,UAH,Q2,1994,66,09/22/2024,Retail,282
0/0,Ecolab - Hobart Washarm End Cap,PEN,Q1,2003,75,04/11/2024,Retail,283
-1.00,Bread - Rosemary Focaccia,NAD,Q3,2004,69,07/05/2024,Retail,284
"×‘Ö¼Ö°×¨Öµ××©×Ö´×™×ª, ×‘Ö¼Ö¸×¨Ö¸× ×Ö±×œÖ¹×”Ö´×™×, ×Öµ×ª ×”Ö·×©Ö¼×Ö¸×Ö·×™Ö´×, ×•Ö°×Öµ×ª ×”Ö¸×Ö¸×¨Ö¶×¥",Soup - Campbells Beef Stew,PLN,Q3,2005,61,08/14/2024,Retail,285
ï½€ï½¨(Â´âˆ€ï½€âˆ©,"Yogurt - Banana, 175 Gr",CNY,Q3,2007,82,02/23/2024,Retail,286
"<>?:""{}|_+",Creme De Banane - Marie,MXN,Q4,1990,91,10/01/2023,Retail,287
ìš¸ë€ë°”í† ë¥´,"Soup - Campbells, Lentil",CDF,Q2,2011,44,12/12/2023,Wholesale,288
<svg><script>0<1>alert('XSS')</script>,Wine - Ej Gallo Sonoma,BRL,Q1,2012,68,10/19/2023,Wholesale,289
!@#$%^&*(),Cheese - Swiss,EUR,Q4,1972,5,09/02/2024,Wholesale,290
/dev/null; touch /tmp/blns.fail ; echo,Capicola - Hot,VND,Q1,2012,75,07/16/2024,Retail,291
-1.00,Wine - Sicilia Igt Nero Avola,PLN,Q2,1995,46,11/12/2023,Retail,292
Â¡â„¢Â£Â¢âˆÂ§Â¶â€¢ÂªÂºâ€“â‰ ,Tray - 16in Rnd Blk,EUR,Q1,2010,91,03/26/2024,Wholesale,293
-1E2,Lemon Pepper,ALL,Q1,1987,65,07/26/2024,Retail,294
Â¡â„¢Â£Â¢âˆÂ§Â¶â€¢ÂªÂºâ€“â‰ ,Muffin Carrot - Individual,HRK,Q2,1989,49,05/21/2024,Retail,295
Ì¦HÍÌ¬Ì¤Ì—Ì¤eÍœ ÍÌœÌ¥ÌÌ»ÍÌŸwÌ•hÌ–Ì¯Í“oÌÍ™Ì–ÍÌ±Ì® Ò‰ÌºÌ™ÌÌŸÍˆWÌ·Ì¼Ì­aÌºÌªÍiÌ¨ÍˆÍ•Ì­Í™Ì¯ÌœtÌ¶Ì¼Ì®sÌ•Ì˜Í™Í– Ì Ì«Ì BÌ»ÍÍ…Í™Í‰Ì³eÌµhÌµÌ¬Í‡Ì«Í™iÌ•Ì¹Í“Ì³Ì³Ì®ÍÌ«nÍŸdÌ´ÌªÌœÌ– ÍÌ°Í‰Ì©Í…Í‡Í™Ì²TÍ¢Í–Ì¼Í“ÌªhÍÍ“Ì®Ì»eÌ¬ÌÍ…ÌŸ Ì¤Ì¹ÌWÍÍ…Í™ÌÌÍ”Í‡aÍÍ“Í”Ì¹Ì¼Ì£lÌ´Í”Ì°Ì¤ÌŸÍ”lÌ­Ì«.Í•,Juice - Prune,SEK,Q3,2003,73,05/06/2024,Wholesale,296
-1E+02,Pizza Pizza Dough,IDR,Q1,2005,92,01/24/2024,Wholesale,297
`â„â‚¬â€¹â€ºï¬ï¬‚â€¡Â°Â·â€šâ€”Â±,Sauce - Fish 25 Ozf Bottle,CNY,Q3,2002,83,03/03/2024,Wholesale,298
1/2,Ham - Procutinni,IQD,Q2,2010,71,06/09/2024,Wholesale,299
ï½€ï½¨(Â´âˆ€ï½€âˆ©,"Beef - Tenderlion, Center Cut",SEK,Q3,2011,91,02/13/2024,Retail,300
TÌ•Ì­ÌºÌºoÍ Ì·iÌ²Ì¬Í‡ÌªÍ™nÌÌ—Í•vÍŸÌŸÌœÌ˜Ì¦oÌ¶Ì™Ì°Ì keÍ€ÍšÌ®ÌºÌªÌ¹Ì±Ì¤ Ì–tÍÌÍ•Ì³Ì£Ì»ÌªhÌ¼Í“Ì²Ì¦Ì³Ì˜Ì²eÍ‡Ì£Ì°Ì¦Ì¬Í Ì¢Ì¼Ì»Ì±Ì˜hÍ…ÍšÍÍ™ÌœÌ£Ì²iÌ¦Ì²Ì£Ì°Ì¤vÌ»ÍeÌºÌ­Ì³ÌªÌ°-mÌ¢iÍ…nÌ–ÌºÌÌ²Ì¯Ì°dÌµÌ¼ÌŸÍ™Ì©Ì¼Ì˜Ì³ ÌÌ¥Ì±Ì³Ì­rÌ›Ì—Ì˜eÍ™pÍ rÌ¼ÌÌ»Ì­Ì—eÍŸÌºÌ Ì£sÌ˜Í‡Ì³ÍÌÍ‰eÍœÍ‰Ì¥Ì¯ÌÌ²ÍšÌ¬nÍ€Ì¬ÍÍÌŸÌ–Í‡Ì¤tÍ˜ÍÌ¬Í…Ì¤Í“Ì¼Ì­iÌªÌ±nÍ gÌ´Í‰ ÍÍ‰Í…cÌ¬ÌŸhÍ¡aÍ˜Ì«Ì»Ì¯oÌ«ÌŸÌ–ÍÌ™ÌÍ‰sÌ—Ì¦Ì².Ì¨Ì¹ÍˆÌ£,Bread - Italian Corn Meal Poly,MXN,Q1,1993,83,09/27/2024,Wholesale,301
1/2,Calaloo,EUR,Q4,2011,65,10/08/2023,Retail,302
1;DROP TABLE users,Knife Plastic - White,CNY,Q4,1995,97,09/28/2023,Wholesale,303
",ã€‚ãƒ»:*:ãƒ»ã‚œâ€™( â˜» Ï‰ â˜» )ã€‚ãƒ»:*:ãƒ»ã‚œâ€™",Wine - Rhine Riesling Wolf Blass,MNT,Q3,2012,69,05/29/2024,Wholesale,304
`â„â‚¬â€¹â€ºï¬ï¬‚â€¡Â°Â·â€šâ€”Â±,Sausage - Breakfast,KMF,Q2,2001,38,07/23/2024,Retail,305
1'; DROP TABLE users--,Ecolab - Mikroklene 4/4 L,SEK,Q3,2002,47,05/27/2024,Wholesale,306
â°â´âµâ‚€â‚â‚‚,Quail - Jumbo Boneless,CNY,Q1,2003,52,02/06/2024,Wholesale,307
",ã€‚ãƒ»:*:ãƒ»ã‚œâ€™( â˜» Ï‰ â˜» )ã€‚ãƒ»:*:ãƒ»ã‚œâ€™",Hipnotiq Liquor,BRL,Q2,1975,66,01/16/2024,Wholesale,308
ğŸ˜,Compound - Strawberry,DOP,Q1,2012,51,11/15/2023,Retail,309
'',Prunes - Pitted,GBP,Q2,2009,68,09/24/2024,Retail,310
"<>?:""{}|_+",Wine - Chablis 2003 Champs,IDR,Q4,2003,54,08/04/2024,Wholesale,311
â€‹,Munchies Honey Sweet Trail Mix,PLN,Q4,2001,82,10/19/2023,Retail,312
'',Bar Energy Chocchip,SEK,Q2,2005,22,11/08/2023,Wholesale,313
1E+02,Tea - Decaf 1 Cup,CNY,Q3,1999,46,07/16/2024,Wholesale,314
Ì¦HÍÌ¬Ì¤Ì—Ì¤eÍœ ÍÌœÌ¥ÌÌ»ÍÌŸwÌ•hÌ–Ì¯Í“oÌÍ™Ì–ÍÌ±Ì® Ò‰ÌºÌ™ÌÌŸÍˆWÌ·Ì¼Ì­aÌºÌªÍiÌ¨ÍˆÍ•Ì­Í™Ì¯ÌœtÌ¶Ì¼Ì®sÌ•Ì˜Í™Í– Ì Ì«Ì BÌ»ÍÍ…Í™Í‰Ì³eÌµhÌµÌ¬Í‡Ì«Í™iÌ•Ì¹Í“Ì³Ì³Ì®ÍÌ«nÍŸdÌ´ÌªÌœÌ– ÍÌ°Í‰Ì©Í…Í‡Í™Ì²TÍ¢Í–Ì¼Í“ÌªhÍÍ“Ì®Ì»eÌ¬ÌÍ…ÌŸ Ì¤Ì¹ÌWÍÍ…Í™ÌÌÍ”Í‡aÍÍ“Í”Ì¹Ì¼Ì£lÌ´Í”Ì°Ì¤ÌŸÍ”lÌ­Ì«.Í•,Extract - Almond,RUB,Q4,1996,61,09/18/2024,Retail,315
ğŸ‘©ğŸ½,Glove - Cutting,CNY,Q1,2010,84,04/05/2024,Retail,316
â°â´âµâ‚€â‚â‚‚,Container Clear 8 Oz,EUR,Q4,1994,56,05/02/2024,Wholesale,317
Ë™Énbá´‰lÉ ÉuÆƒÉÉ¯ ÇÉ¹olop Ê‡Ç ÇÉ¹oqÉl Ê‡n Ê‡unpá´‰pá´‰É”uá´‰ É¹odÉ¯ÇÊ‡ poÉ¯sná´‰Ç op pÇs 'Ê‡á´‰lÇ Æƒuá´‰É”sá´‰dá´‰pÉ É¹nÊ‡ÇÊ‡É”ÇsuoÉ” 'Ê‡ÇÉ¯É Ê‡á´‰s É¹olop É¯nsdá´‰ É¯ÇÉ¹oË¥,The Pop Shoppe - Grape,CNY,Q3,2004,4,08/03/2024,Wholesale,318
ï¾Ÿï½¥âœ¿ãƒ¾â•²(ï½¡â—•â€¿â—•ï½¡)â•±âœ¿ï½¥ï¾Ÿ,Beef - Ground Medium,EUR,Q3,2000,37,01/27/2024,Wholesale,319
",ã€‚ãƒ»:*:ãƒ»ã‚œâ€™( â˜» Ï‰ â˜» )ã€‚ãƒ»:*:ãƒ»ã‚œâ€™",Bread Fig And Almond,CZK,Q2,1989,81,10/30/2023,Retail,320
../../../../../../../../../../../etc/passwd%00,Smoked Paprika,BRL,Q2,2006,71,08/23/2024,Retail,321
0ï¸âƒ£ 1ï¸âƒ£ 2ï¸âƒ£ 3ï¸âƒ£ 4ï¸âƒ£ 5ï¸âƒ£ 6ï¸âƒ£ 7ï¸âƒ£ 8ï¸âƒ£ 9ï¸âƒ£ ğŸ”Ÿ,Onions - Vidalia,BRL,Q1,2001,73,12/20/2023,Wholesale,322
ã€€,Ham - Proscuitto,EUR,Q2,1993,91,11/16/2023,Retail,323
,Tomatoes Tear Drop,PLN,Q3,2006,44,04/28/2024,Wholesale,324
../../../../../../../../../../../etc/hosts,Beer - Blue,BAM,Q3,2011,99,01/18/2024,Wholesale,325
0.00,Oranges,JOD,Q3,2009,83,02/21/2024,Retail,326
Ì—ÌºÍ–Ì¹Ì¯Í“TÌ±Ì¤ÍÌ¥Í‡ÍˆhÍÌ²eÍÍ“Ì¼Ì—Ì™Ì¼Ì£Í” Í‡ÌœÌ±Ì Í“ÍÍ…NÍ Í•eÌ—Ì±zÌ˜ÌÌœÌºÍ™pÌ¤ÌºÌ¹ÍÌ¯ÍšeÍœÌ Ì»Ì rÌ¨Ì¤ÍÌºÌ–Í”Ì–Ì–dÍŸÌ ÌŸÌ­Ì¬ÌiÌ¦Í–Ì©Í“Í”Ì¤aÌ Ì—Ì¬Í‰Ì™nÍœÍš Ì»ÌÌ°ÍšÍ…hÌµÍ‰iÌ³ÌvÌ¢Í‡eÍŸÌ­Í-Ò‰Ì­Ì©Ì¼Í”mÌ¤Ì­Ì«iÍ•Í‡ÌÌ¦nÌ—Í™dÌ£ÌŸ ÍÌ¯Ì²Í•oÌ¨ÌŸÌ¯Ì°Ì²Í™Ì»Ìf Í˜ÌªÌ°Ì°Ì—Ì–Ì­Ì˜cÌ¦ÍÌ²ÌÍÌ©Ì™hÌ£ÍšaÍœÌ®ÍÌŸÌ™oÌ›Ì©Ì¹ÍsÌ¤.ÌÌ Ò‰ZÌ¡Ì–ÌœÍ–Ì°Ì£Í‰ÌœaÍ¡Í–Ì°Í™Ì¬lÌ²Ì«Ì³ÍÌ©gÌ¡ÌŸÌ¼Ì±ÍšÌÌ¬Í…oÍœÌ—.ÌŸ,Lamb - Rack,RSD,Q4,2010,90,03/18/2024,Retail,327
á ,Cocoa Feuilletine,CNY,Q3,2000,99,06/21/2024,Retail,328
,Monkfish - Fresh,RUB,Q4,2011,92,09/12/2024,Wholesale,329
ï¾Ÿï½¥âœ¿ãƒ¾â•²(ï½¡â—•â€¿â—•ï½¡)â•±âœ¿ï½¥ï¾Ÿ,Sugar - Invert,CNY,Q3,2007,86,01/20/2024,Wholesale,330
Ã¥ÃŸâˆ‚Æ’Â©Ë™âˆ†ËšÂ¬â€¦Ã¦,Beer - Sleemans Honey Brown,GTQ,Q1,2009,43,06/02/2024,Wholesale,331
-$1.00,Slt - Individual Portions,HRK,Q1,1999,54,05/15/2024,Retail,332
TÌ•Ì­ÌºÌºoÍ Ì·iÌ²Ì¬Í‡ÌªÍ™nÌÌ—Í•vÍŸÌŸÌœÌ˜Ì¦oÌ¶Ì™Ì°Ì keÍ€ÍšÌ®ÌºÌªÌ¹Ì±Ì¤ Ì–tÍÌÍ•Ì³Ì£Ì»ÌªhÌ¼Í“Ì²Ì¦Ì³Ì˜Ì²eÍ‡Ì£Ì°Ì¦Ì¬Í Ì¢Ì¼Ì»Ì±Ì˜hÍ…ÍšÍÍ™ÌœÌ£Ì²iÌ¦Ì²Ì£Ì°Ì¤vÌ»ÍeÌºÌ­Ì³ÌªÌ°-mÌ¢iÍ…nÌ–ÌºÌÌ²Ì¯Ì°dÌµÌ¼ÌŸÍ™Ì©Ì¼Ì˜Ì³ ÌÌ¥Ì±Ì³Ì­rÌ›Ì—Ì˜eÍ™pÍ rÌ¼ÌÌ»Ì­Ì—eÍŸÌºÌ Ì£sÌ˜Í‡Ì³ÍÌÍ‰eÍœÍ‰Ì¥Ì¯ÌÌ²ÍšÌ¬nÍ€Ì¬ÍÍÌŸÌ–Í‡Ì¤tÍ˜ÍÌ¬Í…Ì¤Í“Ì¼Ì­iÌªÌ±nÍ gÌ´Í‰ ÍÍ‰Í…cÌ¬ÌŸhÍ¡aÍ˜Ì«Ì»Ì¯oÌ«ÌŸÌ–ÍÌ™ÌÍ‰sÌ—Ì¦Ì².Ì¨Ì¹ÍˆÌ£,Parasol Pick Stir Stick,CNY,Q4,1999,56,04/19/2024,Wholesale,333
â€ªâ€ªtestâ€ª,Langers - Cranberry Cocktail,IDR,Q4,2010,69,02/12/2024,Retail,334
,"Tart Shells - Savory, 3",RSD,Q3,1995,54,01/27/2024,Wholesale,335
ğŸ˜,"Shrimp - 16 - 20 Cooked, Peeled",XAF,Q1,2006,45,10/18/2023,Retail,336
ğŸ‘¾ ğŸ™‡ ğŸ’ ğŸ™… ğŸ™† ğŸ™‹ ğŸ™ ğŸ™ ,Wine - Tribal Sauvignon,CNY,Q4,2011,86,09/07/2024,Wholesale,337
ğ œğ œ±ğ ¹ğ ±“ğ ±¸ğ ²–ğ ³,Parsley Italian - Fresh,CNY,Q4,1996,2,10/29/2023,Retail,338
1'; DROP TABLE users--,Creme De Cacao Mcguines,EUR,Q2,2012,47,02/25/2024,Retail,339
Ì—ÌºÍ–Ì¹Ì¯Í“TÌ±Ì¤ÍÌ¥Í‡ÍˆhÍÌ²eÍÍ“Ì¼Ì—Ì™Ì¼Ì£Í” Í‡ÌœÌ±Ì Í“ÍÍ…NÍ Í•eÌ—Ì±zÌ˜ÌÌœÌºÍ™pÌ¤ÌºÌ¹ÍÌ¯ÍšeÍœÌ Ì»Ì rÌ¨Ì¤ÍÌºÌ–Í”Ì–Ì–dÍŸÌ ÌŸÌ­Ì¬ÌiÌ¦Í–Ì©Í“Í”Ì¤aÌ Ì—Ì¬Í‰Ì™nÍœÍš Ì»ÌÌ°ÍšÍ…hÌµÍ‰iÌ³ÌvÌ¢Í‡eÍŸÌ­Í-Ò‰Ì­Ì©Ì¼Í”mÌ¤Ì­Ì«iÍ•Í‡ÌÌ¦nÌ—Í™dÌ£ÌŸ ÍÌ¯Ì²Í•oÌ¨ÌŸÌ¯Ì°Ì²Í™Ì»Ìf Í˜ÌªÌ°Ì°Ì—Ì–Ì­Ì˜cÌ¦ÍÌ²ÌÍÌ©Ì™hÌ£ÍšaÍœÌ®ÍÌŸÌ™oÌ›Ì©Ì¹ÍsÌ¤.ÌÌ Ò‰ZÌ¡Ì–ÌœÍ–Ì°Ì£Í‰ÌœaÍ¡Í–Ì°Í™Ì¬lÌ²Ì«Ì³ÍÌ©gÌ¡ÌŸÌ¼Ì±ÍšÌÌ¬Í…oÍœÌ—.ÌŸ,Chives - Fresh,PLN,Q1,1987,65,11/29/2023,Wholesale,340
"×‘Ö¼Ö°×¨Öµ××©×Ö´×™×ª, ×‘Ö¼Ö¸×¨Ö¸× ×Ö±×œÖ¹×”Ö´×™×, ×Öµ×ª ×”Ö·×©Ö¼×Ö¸×Ö·×™Ö´×, ×•Ö°×Öµ×ª ×”Ö¸×Ö¸×¨Ö¶×¥",Soup - Campbells - Tomato,TTD,Q4,2004,30,01/31/2024,Wholesale,341
Â¸Ë›Ã‡â—ŠÄ±ËœÃ‚Â¯Ë˜Â¿,Table Cloth 54x72 Colour,CNY,Q1,2006,54,12/25/2023,Retail,342
-1E+02,Brandy - Bar,USD,Q4,2003,30,04/11/2024,Retail,343
',"Rum - White, Gg White",SBD,Q3,1999,16,04/25/2024,Retail,344
"""""",Truffle Cups - White Paper,ILS,Q1,2008,46,03/31/2024,Wholesale,345
nil,Myers Planters Punch,PLN,Q3,2003,21,04/04/2024,Retail,346
ì‚¬íšŒê³¼í•™ì› ì–´í•™ì—°êµ¬ì†Œ,Pastry - Chocolate Marble Tea,EUR,Q3,2005,94,02/15/2024,Retail,347
nil,"Soup - Campbells, Creamy",VND,Q2,1997,96,02/07/2024,Wholesale,348
ì‚¬íšŒê³¼í•™ì› ì–´í•™ì—°êµ¬ì†Œ,Pastry - Carrot Muffin - Mini,EUR,Q3,2013,24,08/20/2024,Wholesale,349
<script>alert('hi')</script>,"Crab - Back Fin Meat, Canned",PLN,Q1,2010,29,12/05/2023,Retail,350
1,"Roe - Lump Fish, Red",IDR,Q4,2007,70,01/21/2024,Wholesale,351
1,"Juice - Apple, 500 Ml",RSD,Q3,1997,87,09/09/2024,Retail,352
"'""'","Bread - White, Sliced",IDR,Q1,1985,37,05/14/2024,Retail,353
!@#$%^&*(),Chick Peas - Canned,EUR,Q3,2007,9,02/29/2024,Wholesale,354
â‚€â‚â‚‚,Gingerale - Diet - Schweppes,GBP,Q4,2003,70,06/24/2024,Wholesale,355
NIL,"Radish - Black, Winter, Organic",CNY,Q1,1996,83,10/03/2023,Wholesale,356
TÌ•Ì­ÌºÌºoÍ Ì·iÌ²Ì¬Í‡ÌªÍ™nÌÌ—Í•vÍŸÌŸÌœÌ˜Ì¦oÌ¶Ì™Ì°Ì keÍ€ÍšÌ®ÌºÌªÌ¹Ì±Ì¤ Ì–tÍÌÍ•Ì³Ì£Ì»ÌªhÌ¼Í“Ì²Ì¦Ì³Ì˜Ì²eÍ‡Ì£Ì°Ì¦Ì¬Í Ì¢Ì¼Ì»Ì±Ì˜hÍ…ÍšÍÍ™ÌœÌ£Ì²iÌ¦Ì²Ì£Ì°Ì¤vÌ»ÍeÌºÌ­Ì³ÌªÌ°-mÌ¢iÍ…nÌ–ÌºÌÌ²Ì¯Ì°dÌµÌ¼ÌŸÍ™Ì©Ì¼Ì˜Ì³ ÌÌ¥Ì±Ì³Ì­rÌ›Ì—Ì˜eÍ™pÍ rÌ¼ÌÌ»Ì­Ì—eÍŸÌºÌ Ì£sÌ˜Í‡Ì³ÍÌÍ‰eÍœÍ‰Ì¥Ì¯ÌÌ²ÍšÌ¬nÍ€Ì¬ÍÍÌŸÌ–Í‡Ì¤tÍ˜ÍÌ¬Í…Ì¤Í“Ì¼Ì­iÌªÌ±nÍ gÌ´Í‰ ÍÍ‰Í…cÌ¬ÌŸhÍ¡aÍ˜Ì«Ì»Ì¯oÌ«ÌŸÌ–ÍÌ™ÌÍ‰sÌ—Ì¦Ì².Ì¨Ì¹ÍˆÌ£,Quiche Assorted,EUR,Q4,2009,3,08/25/2024,Retail,357
ZÌ®ÌÍ…Ì Í™Í”AÌ¥Ì—ÌÍˆÌ»Ì—LÌ£Í™ÍÌ¯Ì¹ÌÍ“GÌ»OÌ­Ì—Ì®,"Salmon - Atlantic, Fresh, Whole",USD,Q3,2012,95,06/05/2024,Wholesale,358
../../../../../../../../../../../etc/hosts,Waffle Stix,KRW,Q3,2002,28,04/15/2024,Retail,359
NIL,"Soup - Campbells, Classic Chix",IDR,Q1,2004,71,12/08/2023,Wholesale,360
",./;'[]\-=",Hand Towel,EUR,Q2,1994,94,06/14/2024,Retail,361
ç”°ä¸­ã•ã‚“ã«ã‚ã’ã¦ä¸‹ã•ã„,Guava,USD,Q4,2008,23,06/22/2024,Wholesale,362
"__ï¾›(,_,*)",Appetizer - Tarragon Chicken,PLN,Q4,2007,47,02/26/2024,Retail,363
Ã…ÃÃÃËÃ“Ã”ï£¿Ã’ÃšÃ†â˜ƒ,Galliano,CNY,Q4,1999,13,09/29/2023,Retail,364
Â¡â„¢Â£Â¢âˆÂ§Â¶â€¢ÂªÂºâ€“â‰ ,Bamboo Shoots - Sliced,IDR,Q2,2003,10,04/28/2024,Wholesale,365
×”Ö¸×™Ö°×ªÖ¸×”testØ§Ù„ØµÙØ­Ø§Øª Ø§Ù„ØªÙ‘Ø­ÙˆÙ„,Bread - 10 Grain Parisian,CNY,Q1,1979,15,09/11/2024,Wholesale,366
(ï¾‰à²¥ç›Šà²¥ï¼‰ï¾‰ï»¿ â”»â”â”»,Tomatoes - Orange,CNY,Q3,2010,62,04/18/2024,Retail,367
-1E2,Lettuce - Red Leaf,EUR,Q4,1997,26,05/19/2024,Wholesale,368
1E2,Soup Campbells - Italian Wedding,JPY,Q2,2000,91,11/24/2023,Wholesale,369
null,"Potatoes - Purple, Organic",BDT,Q4,2009,97,02/10/2024,Retail,370
() { 0; }; touch /tmp/blns.shellshock1.fail;,Ice Cream - Vanilla,AZN,Q2,1995,34,06/15/2024,Retail,371
1'; DROP TABLE users--,Mince Meat - Filling,EUR,Q2,1991,70,07/09/2024,Wholesale,372
"""""","Beef - Tenderlion, Center Cut",USD,Q1,2001,53,12/16/2023,Wholesale,373
(ï½¡â—• âˆ€ â—•ï½¡),"Mushroom - Chanterelle, Dry",PKR,Q4,1992,65,12/21/2023,Wholesale,374
<svg><script>0<1>alert('XSS')</script>,"Mushroom - Enoki, Fresh",EUR,Q3,2007,59,10/27/2023,Wholesale,375
â€©testâ€©,Ice Cream Bar - Rolo Cone,RUB,Q2,2003,81,04/09/2024,Wholesale,376
0/0,Beef - Top Butt Aaa,CNY,Q2,1998,32,08/27/2024,Wholesale,377
../../../../../../../../../../../etc/passwd%00,Tarragon - Fresh,IDR,Q4,2004,71,11/29/2023,Wholesale,378
-$1.00,Kellogs Raisan Bran Bars,AFN,Q3,1999,14,12/31/2023,Retail,379
Ã¥ÃŸâˆ‚Æ’Â©Ë™âˆ†ËšÂ¬â€¦Ã¦,Bread - Mini Hamburger Bun,CNY,Q2,1985,60,02/15/2024,Wholesale,380
ğŸ‘¾ ğŸ™‡ ğŸ’ ğŸ™… ğŸ™† ğŸ™‹ ğŸ™ ğŸ™ ,Wine - Lou Black Shiraz,CNY,Q4,1992,71,04/15/2024,Wholesale,381
ğŸ‘©ğŸ½,Sunflower Seed Raw,BRL,Q3,2012,60,07/24/2024,Wholesale,382
ï¾Ÿï½¥âœ¿ãƒ¾â•²(ï½¡â—•â€¿â—•ï½¡)â•±âœ¿ï½¥ï¾Ÿ,Coffee Cup 8oz 5338cd,EUR,Q4,1990,73,03/01/2024,Wholesale,383
ğŸµ ğŸ™ˆ ğŸ™‰ ğŸ™Š,Tea - Grapefruit Green Tea,CNY,Q3,1998,51,04/04/2024,Wholesale,384
<img src=x onerror=alert('hi') />,"Wine - Niagara,vqa Reisling",MAD,Q4,2011,55,08/02/2024,Retail,385
ï¾Ÿï½¥âœ¿ãƒ¾â•²(ï½¡â—•â€¿â—•ï½¡)â•±âœ¿ï½¥ï¾Ÿ,Butter - Salted,CLP,Q3,2010,62,12/18/2023,Retail,386
"×‘Ö¼Ö°×¨Öµ××©×Ö´×™×ª, ×‘Ö¼Ö¸×¨Ö¸× ×Ö±×œÖ¹×”Ö´×™×, ×Öµ×ª ×”Ö·×©Ö¼×Ö¸×Ö·×™Ö´×, ×•Ö°×Öµ×ª ×”Ö¸×Ö¸×¨Ö¶×¥",Capon - Whole,USD,Q3,2012,16,10/04/2023,Wholesale,387
"""",Beef - Top Sirloin - Aaa,EUR,Q2,2004,72,03/26/2024,Retail,388
999999999999999999999999999999999999999999999999999999999999999999999999999999999999999999999999,"Liqueur Banana, Ramazzotti",PHP,Q3,1996,22,12/23/2023,Retail,389
Ã…ÃÃÃËÃ“Ã”ï£¿Ã’ÃšÃ†â˜ƒ,Beef - Ground Lean Fresh,PHP,Q2,2003,94,03/09/2024,Retail,390
â¢,Broom Handle,PHP,Q3,1999,76,07/12/2024,Wholesale,391
-1.00,"Pork - Tenderloin, Fresh",CNY,Q4,2002,65,05/08/2024,Retail,392
â€ªâ€ªtestâ€ª,Amarula Cream,CNY,Q1,1986,66,08/12/2024,Retail,393
-$1.00,Bread - Bistro Sour,NGN,Q2,2010,10,09/30/2023,Wholesale,394
testâ testâ€«,Crackers - Trio,USD,Q4,1989,76,04/16/2024,Wholesale,395
â°â´âµ,Cheese - La Sauvagine,PEN,Q2,1984,22,09/03/2024,Wholesale,396
å’Œè£½æ¼¢èª,Juice - Apple Cider,RUB,Q3,2001,31,10/09/2023,Wholesale,397
â¦testâ§,Lid Coffee Cup 8oz Blk,IDR,Q2,2000,89,10/14/2023,Wholesale,398
0/0,Chocolate - Mi - Amere Semi,EUR,Q2,2010,55,05/10/2024,Retail,399
"""""",Wine - Ice Wine,CNY,Q3,2004,3,11/30/2023,Retail,400
â€‹,Bread - Sour Batard,CNY,Q2,1999,42,11/20/2023,Retail,401
1/2,Onions - Pearl,PLN,Q2,2001,80,01/04/2024,Retail,402
0.00,Pastry - Cheese Baked Scones,BYR,Q4,1990,81,12/08/2023,Wholesale,403
-1.00,Bread - Pain Au Liat X12,PLN,Q1,2009,38,04/22/2024,Retail,404
â¦testâ§,Olives - Kalamata,CNY,Q3,2004,68,01/26/2024,Wholesale,405
1E02,Langers - Ruby Red Grapfruit,NAD,Q3,1995,63,01/21/2024,Wholesale,406
ï»¿,Cheese - Brick With Onion,IDR,Q4,1996,10,05/11/2024,Wholesale,407
â¤ï¸ ğŸ’” ğŸ’Œ ğŸ’• ğŸ’ ğŸ’“ ğŸ’— ğŸ’– ğŸ’˜ ğŸ’ ğŸ’Ÿ ğŸ’œ ğŸ’› ğŸ’š ğŸ’™,Bagelers,PHP,Q1,2011,89,05/19/2024,Wholesale,408
â£,Island Oasis - Ice Cream Mix,IDR,Q1,1993,32,04/13/2024,Wholesale,409
0/0,Sprite - 355 Ml,PHP,Q2,1993,59,06/15/2024,Retail,410
999999999999999999999999999999999999999999999999999999999999999999999999999999999999999999999999,Grapefruit - White,UZS,Q3,2002,36,07/10/2024,Retail,411
1,Pork - Backfat,NOK,Q2,2010,46,03/30/2024,Retail,412
nil,Tea - Apple Green Tea,PHP,Q4,2008,48,11/07/2023,Retail,413
',"Brocolinni - Gaylan, Chinese",CNY,Q4,2004,62,06/06/2024,Wholesale,414
nil,Onion Powder,ARS,Q4,1994,34,11/07/2023,Retail,415
â‚€â‚â‚‚,Tea - Herbal Orange Spice,UAH,Q1,1985,27,03/20/2024,Retail,416
0ï¸âƒ£ 1ï¸âƒ£ 2ï¸âƒ£ 3ï¸âƒ£ 4ï¸âƒ£ 5ï¸âƒ£ 6ï¸âƒ£ 7ï¸âƒ£ 8ï¸âƒ£ 9ï¸âƒ£ ğŸ”Ÿ,Kaffir Lime Leaves,VND,Q4,1993,99,05/01/2024,Wholesale,417
ğŸš¾ ğŸ†’ ğŸ†“ ğŸ†• ğŸ†– ğŸ†— ğŸ†™ ğŸ§,Relish,AED,Q1,2011,57,03/25/2024,Retail,418
(â•¯Â°â–¡Â°ï¼‰â•¯ï¸µ â”»â”â”»)  ,Pineapple - Golden,ARS,Q1,1997,79,08/14/2024,Wholesale,419
(ï¾‰à²¥ç›Šà²¥ï¼‰ï¾‰ï»¿ â”»â”â”»,"Water, Tap",CNY,Q1,1994,23,10/02/2023,Retail,420
`â„â‚¬â€¹â€ºï¬ï¬‚â€¡Â°Â·â€šâ€”Â±,Beets - Golden,CZK,Q2,2001,13,07/03/2024,Wholesale,421
() { 0; }; touch /tmp/blns.shellshock1.fail;,Cheese - Brie Roitelet,IDR,Q1,2000,88,06/20/2024,Retail,422
ì‚¬íšŒê³¼í•™ì› ì–´í•™ì—°êµ¬ì†Œ,The Pop Shoppe Pinapple,EUR,Q3,2000,85,12/17/2023,Retail,423
ï¼‘ï¼’ï¼“,Radish - Pickled,EUR,Q3,2001,5,04/18/2024,Wholesale,424
ç¤¾æœƒç§‘å­¸é™¢èªå­¸ç ”ç©¶æ‰€,Parasol Pick Stir Stick,CNY,Q1,2004,51,01/11/2024,Wholesale,425
1;DROP TABLE users,Island Oasis - Peach Daiquiri,PEN,Q4,1998,81,06/26/2024,Wholesale,426
Î©â‰ˆÃ§âˆšâˆ«ËœÂµâ‰¤â‰¥Ã·,Nectarines,PHP,Q1,1988,15,08/27/2024,Wholesale,427
â£,Table Cloth 72x144 White,LAK,Q4,1991,63,03/14/2024,Retail,428
0ï¸âƒ£ 1ï¸âƒ£ 2ï¸âƒ£ 3ï¸âƒ£ 4ï¸âƒ£ 5ï¸âƒ£ 6ï¸âƒ£ 7ï¸âƒ£ 8ï¸âƒ£ 9ï¸âƒ£ ğŸ”Ÿ,Sugar - Splenda Sweetener,BRL,Q3,2000,49,07/15/2024,Wholesale,429
â¡,Bread - Frozen Basket Variety,RUB,Q1,1992,12,04/22/2024,Retail,430
Ì¡Í“Í…ÌIÍÌ—Ì˜Ì¦nÍ‡Í‡Í™vÌ®Ì«okÌ²Ì«Ì™ÍˆiÌ–Í™Ì­Ì¹Ì ÌnÌ¡Ì»Ì®Ì£ÌºgÌ²ÍˆÍ™Ì­Í™Ì¬Í Ì°tÍ”Ì¦hÌÌ²eÌ¢Ì¤ ÍÌ¬Ì²Í–fÌ´Ì˜Í•Ì£eÍ€Í–eÌ£Ì¥Ì©lÍ–Í”ÍšiÍ Í“ÍšÌ¦nÍ–ÍÌ—Í“Ì³Ì®gÍ Ì¨oÍ¡ÍšÌªfÌ˜Ì£Ì¬ Ì–Ì˜Í–ÌŸÍ™Ì®cÒ‰Í”Ì«Í–Í“Í‡Í–Í…hÌµÌ¤Ì£ÍšÍ”aÍÌ—Ì¼Í…Í•oÌ¼Ì£Ì¥sÍ¢Ì±ÍˆÌºÌ–Ì¦Ì».Ì›Ì–ÌÌ Ì«Ì°,Kellogs Special K Cereal,CNY,Q4,2010,7,07/04/2024,Wholesale,431
`â„â‚¬â€¹â€ºï¬ï¬‚â€¡Â°Â·â€šâ€”Â±,Eggplant - Regular,AZN,Q3,2011,59,08/31/2024,Retail,432
"""""","Wine - White, Riesling, Semi - Dry",EUR,Q4,1998,25,12/23/2023,Retail,433
-1.00,Icecream Bar - Del Monte,CNY,Q3,1999,80,10/18/2023,Retail,434
éƒ¨è½æ ¼,Appetizer - Veg Assortment,CNY,Q4,1994,66,07/14/2024,Retail,435
×”Ö¸×™Ö°×ªÖ¸×”testØ§Ù„ØµÙØ­Ø§Øª Ø§Ù„ØªÙ‘Ø­ÙˆÙ„,Pepper - Red Bell,CNY,Q3,2002,4,07/31/2024,Wholesale,436
nil,Dooleys Toffee,ALL,Q3,1996,35,11/08/2023,Wholesale,437
â¤ï¸ ğŸ’” ğŸ’Œ ğŸ’• ğŸ’ ğŸ’“ ğŸ’— ğŸ’– ğŸ’˜ ğŸ’ ğŸ’Ÿ ğŸ’œ ğŸ’› ğŸ’š ğŸ’™,Rappini - Andy Boy,CNY,Q4,2007,89,06/19/2024,Retail,438
ğŸµ ğŸ™ˆ ğŸ™‰ ğŸ™Š,Bagelers - Cinn / Brown,EUR,Q1,2006,84,02/10/2024,Wholesale,439
ğŸ‘©ğŸ½,"Wine - Red, Harrow Estates, Cab",USD,Q4,1988,26,10/12/2023,Wholesale,440
"""''''""'""",Tea - Lemon Green Tea,JPY,Q1,2007,86,01/03/2024,Retail,441
ç¤¾æœƒç§‘å­¸é™¢èªå­¸ç ”ç©¶æ‰€,Egg Patty Fried,RUB,Q1,1998,26,10/13/2023,Retail,442
Ì¡Í“Í…ÌIÍÌ—Ì˜Ì¦nÍ‡Í‡Í™vÌ®Ì«okÌ²Ì«Ì™ÍˆiÌ–Í™Ì­Ì¹Ì ÌnÌ¡Ì»Ì®Ì£ÌºgÌ²ÍˆÍ™Ì­Í™Ì¬Í Ì°tÍ”Ì¦hÌÌ²eÌ¢Ì¤ ÍÌ¬Ì²Í–fÌ´Ì˜Í•Ì£eÍ€Í–eÌ£Ì¥Ì©lÍ–Í”ÍšiÍ Í“ÍšÌ¦nÍ–ÍÌ—Í“Ì³Ì®gÍ Ì¨oÍ¡ÍšÌªfÌ˜Ì£Ì¬ Ì–Ì˜Í–ÌŸÍ™Ì®cÒ‰Í”Ì«Í–Í“Í‡Í–Í…hÌµÌ¤Ì£ÍšÍ”aÍÌ—Ì¼Í…Í•oÌ¼Ì£Ì¥sÍ¢Ì±ÍˆÌºÌ–Ì¦Ì».Ì›Ì–ÌÌ Ì«Ì°,"Wine - White, Schroder And Schyl",CNY,Q1,1997,23,01/26/2024,Retail,443
"Ø«Ù… Ù†ÙØ³ Ø³Ù‚Ø·Øª ÙˆØ¨Ø§Ù„ØªØ­Ø¯ÙŠØ¯ØŒ, Ø¬Ø²ÙŠØ±ØªÙŠ Ø¨Ø§Ø³ØªØ®Ø¯Ø§Ù… Ø£Ù† Ø¯Ù†Ùˆ. Ø¥Ø° Ù‡Ù†Ø§ØŸ Ø§Ù„Ø³ØªØ§Ø± ÙˆØªÙ†ØµÙŠØ¨ ÙƒØ§Ù†. Ø£Ù‡Ù‘Ù„ Ø§ÙŠØ·Ø§Ù„ÙŠØ§ØŒ Ø¨Ø±ÙŠØ·Ø§Ù†ÙŠØ§-ÙØ±Ù†Ø³Ø§ Ù‚Ø¯ Ø£Ø®Ø°. Ø³Ù„ÙŠÙ…Ø§Ù†ØŒ Ø¥ØªÙØ§Ù‚ÙŠØ© Ø¨ÙŠÙ† Ù…Ø§, ÙŠØ°ÙƒØ± Ø§Ù„Ø­Ø¯ÙˆØ¯ Ø£ÙŠ Ø¨Ø¹Ø¯, Ù…Ø¹Ø§Ù…Ù„Ø© Ø¨ÙˆÙ„Ù†Ø¯Ø§ØŒ Ø§Ù„Ø¥Ø·Ù„Ø§Ù‚ Ø¹Ù„ Ø¥ÙŠÙˆ.",Onions - Red Pearl,CNY,Q3,1992,97,06/11/2024,Retail,444
Ì¡Í“Í…ÌIÍÌ—Ì˜Ì¦nÍ‡Í‡Í™vÌ®Ì«okÌ²Ì«Ì™ÍˆiÌ–Í™Ì­Ì¹Ì ÌnÌ¡Ì»Ì®Ì£ÌºgÌ²ÍˆÍ™Ì­Í™Ì¬Í Ì°tÍ”Ì¦hÌÌ²eÌ¢Ì¤ ÍÌ¬Ì²Í–fÌ´Ì˜Í•Ì£eÍ€Í–eÌ£Ì¥Ì©lÍ–Í”ÍšiÍ Í“ÍšÌ¦nÍ–ÍÌ—Í“Ì³Ì®gÍ Ì¨oÍ¡ÍšÌªfÌ˜Ì£Ì¬ Ì–Ì˜Í–ÌŸÍ™Ì®cÒ‰Í”Ì«Í–Í“Í‡Í–Í…hÌµÌ¤Ì£ÍšÍ”aÍÌ—Ì¼Í…Í•oÌ¼Ì£Ì¥sÍ¢Ì±ÍˆÌºÌ–Ì¦Ì».Ì›Ì–ÌÌ Ì«Ì°,Tea - Herbal - 6 Asst,EUR,Q3,1993,83,01/07/2024,Retail,445
0.00,Ham - Black Forest,PLN,Q1,2006,97,12/02/2023,Retail,446
á ,Rhubarb,NGN,Q3,1999,40,05/17/2024,Wholesale,447
() { 0; }; touch /tmp/blns.shellshock1.fail;,Turnip - White,BRL,Q2,1984,75,04/30/2024,Retail,448
Ù¡Ù¢Ù£,Soup - Campbells Asian Noodle,CNY,Q2,2006,91,04/06/2024,Wholesale,449
../../../../../../../../../../../etc/hosts,"Veal - Brisket, Provimi, Bone - In",CNY,Q1,1992,96,07/04/2024,Retail,450
Ã…ÃÃÃËÃ“Ã”ï£¿Ã’ÃšÃ†â˜ƒ,Mushrooms - Honey,SEK,Q4,1995,34,03/02/2024,Wholesale,451
(â•¯Â°â–¡Â°ï¼‰â•¯ï¸µ â”»â”â”»)  ,Cardamon Seed / Pod,BRL,Q2,1997,13,01/26/2024,Wholesale,452
"""",Salami - Genova,IDR,Q4,2011,63,12/10/2023,Retail,453
Ì¦HÍÌ¬Ì¤Ì—Ì¤eÍœ ÍÌœÌ¥ÌÌ»ÍÌŸwÌ•hÌ–Ì¯Í“oÌÍ™Ì–ÍÌ±Ì® Ò‰ÌºÌ™ÌÌŸÍˆWÌ·Ì¼Ì­aÌºÌªÍiÌ¨ÍˆÍ•Ì­Í™Ì¯ÌœtÌ¶Ì¼Ì®sÌ•Ì˜Í™Í– Ì Ì«Ì BÌ»ÍÍ…Í™Í‰Ì³eÌµhÌµÌ¬Í‡Ì«Í™iÌ•Ì¹Í“Ì³Ì³Ì®ÍÌ«nÍŸdÌ´ÌªÌœÌ– ÍÌ°Í‰Ì©Í…Í‡Í™Ì²TÍ¢Í–Ì¼Í“ÌªhÍÍ“Ì®Ì»eÌ¬ÌÍ…ÌŸ Ì¤Ì¹ÌWÍÍ…Í™ÌÌÍ”Í‡aÍÍ“Í”Ì¹Ì¼Ì£lÌ´Í”Ì°Ì¤ÌŸÍ”lÌ­Ì«.Í•,Initation Crab Meat,ARS,Q4,2003,4,02/14/2024,Retail,454
Ì—ÌºÍ–Ì¹Ì¯Í“TÌ±Ì¤ÍÌ¥Í‡ÍˆhÍÌ²eÍÍ“Ì¼Ì—Ì™Ì¼Ì£Í” Í‡ÌœÌ±Ì Í“ÍÍ…NÍ Í•eÌ—Ì±zÌ˜ÌÌœÌºÍ™pÌ¤ÌºÌ¹ÍÌ¯ÍšeÍœÌ Ì»Ì rÌ¨Ì¤ÍÌºÌ–Í”Ì–Ì–dÍŸÌ ÌŸÌ­Ì¬ÌiÌ¦Í–Ì©Í“Í”Ì¤aÌ Ì—Ì¬Í‰Ì™nÍœÍš Ì»ÌÌ°ÍšÍ…hÌµÍ‰iÌ³ÌvÌ¢Í‡eÍŸÌ­Í-Ò‰Ì­Ì©Ì¼Í”mÌ¤Ì­Ì«iÍ•Í‡ÌÌ¦nÌ—Í™dÌ£ÌŸ ÍÌ¯Ì²Í•oÌ¨ÌŸÌ¯Ì°Ì²Í™Ì»Ìf Í˜ÌªÌ°Ì°Ì—Ì–Ì­Ì˜cÌ¦ÍÌ²ÌÍÌ©Ì™hÌ£ÍšaÍœÌ®ÍÌŸÌ™oÌ›Ì©Ì¹ÍsÌ¤.ÌÌ Ò‰ZÌ¡Ì–ÌœÍ–Ì°Ì£Í‰ÌœaÍ¡Í–Ì°Í™Ì¬lÌ²Ì«Ì³ÍÌ©gÌ¡ÌŸÌ¼Ì±ÍšÌÌ¬Í…oÍœÌ—.ÌŸ,"Chicken - Wings, Tip Off",IDR,Q1,1995,65,01/05/2024,Retail,455
ğ œğ œ±ğ ¹ğ ±“ğ ±¸ğ ²–ğ ³,"Napkin - Beverge, White 2 - Ply",PHP,Q3,2009,35,05/11/2024,Wholesale,456
"""",Petit Baguette,CZK,Q1,1993,93,01/07/2024,Wholesale,457
ZÌ®ÌÍ…Ì Í™Í”AÌ¥Ì—ÌÍˆÌ»Ì—LÌ£Í™ÍÌ¯Ì¹ÌÍ“GÌ»OÌ­Ì—Ì®,White Baguette,IDR,Q1,2002,37,12/18/2023,Retail,458
Î©â‰ˆÃ§âˆšâˆ«ËœÂµâ‰¤â‰¥Ã·,Lighter - Bbq,SEK,Q4,1995,19,01/27/2024,Wholesale,459
0.00,"Arctic Char - Fresh, Whole",EUR,Q4,2001,21,08/15/2024,Retail,460
ğ œğ œ±ğ ¹ğ ±“ğ ±¸ğ ²–ğ ³,Venison - Striploin,ARS,Q2,1994,15,11/17/2023,Wholesale,461
á ,Lid Coffeecup 12oz D9542b,EUR,Q3,2008,73,05/07/2024,Wholesale,462
"'""'",Olives - Nicoise,IDR,Q4,1985,79,06/13/2024,Retail,463
"Ø«Ù… Ù†ÙØ³ Ø³Ù‚Ø·Øª ÙˆØ¨Ø§Ù„ØªØ­Ø¯ÙŠØ¯ØŒ, Ø¬Ø²ÙŠØ±ØªÙŠ Ø¨Ø§Ø³ØªØ®Ø¯Ø§Ù… Ø£Ù† Ø¯Ù†Ùˆ. Ø¥Ø° Ù‡Ù†Ø§ØŸ Ø§Ù„Ø³ØªØ§Ø± ÙˆØªÙ†ØµÙŠØ¨ ÙƒØ§Ù†. Ø£Ù‡Ù‘Ù„ Ø§ÙŠØ·Ø§Ù„ÙŠØ§ØŒ Ø¨Ø±ÙŠØ·Ø§Ù†ÙŠØ§-ÙØ±Ù†Ø³Ø§ Ù‚Ø¯ Ø£Ø®Ø°. Ø³Ù„ÙŠÙ…Ø§Ù†ØŒ Ø¥ØªÙØ§Ù‚ÙŠØ© Ø¨ÙŠÙ† Ù…Ø§, ÙŠØ°ÙƒØ± Ø§Ù„Ø­Ø¯ÙˆØ¯ Ø£ÙŠ Ø¨Ø¹Ø¯, Ù…Ø¹Ø§Ù…Ù„Ø© Ø¨ÙˆÙ„Ù†Ø¯Ø§ØŒ Ø§Ù„Ø¥Ø·Ù„Ø§Ù‚ Ø¹Ù„ Ø¥ÙŠÙˆ.",Cut Wakame - Hanawakaba,PHP,Q2,2004,52,01/01/2024,Retail,464
â€©testâ€©,Kolrabi,CZK,Q3,2004,16,01/21/2024,Retail,465
â£,Passion Fruit,EUR,Q2,1994,54,09/02/2024,Retail,466
1/2,Container - Clear 32 Oz,RSD,Q1,1995,16,01/06/2024,Wholesale,467
00Ë™Æ–$-,Langers - Mango Nectar,IDR,Q1,2009,47,12/06/2023,Retail,468
â¢,"Coconut - Shredded, Sweet",ALL,Q3,2012,54,11/16/2023,Wholesale,469
"'""'",Sauce - Alfredo,IDR,Q1,1986,19,05/12/2024,Wholesale,470
1;DROP TABLE users,Beer - Heinekin,PEN,Q3,1993,87,10/10/2023,Wholesale,471
ğŸ‘¾ ğŸ™‡ ğŸ’ ğŸ™… ğŸ™† ğŸ™‹ ğŸ™ ğŸ™ ,Butter Ripple - Phillips,CNY,Q2,1994,27,11/24/2023,Wholesale,472
â¤ï¸ ğŸ’” ğŸ’Œ ğŸ’• ğŸ’ ğŸ’“ ğŸ’— ğŸ’– ğŸ’˜ ğŸ’ ğŸ’Ÿ ğŸ’œ ğŸ’› ğŸ’š ğŸ’™,Pasta - Canelloni,BRL,Q2,1995,90,03/16/2024,Wholesale,473
"×‘Ö¼Ö°×¨Öµ××©×Ö´×™×ª, ×‘Ö¼Ö¸×¨Ö¸× ×Ö±×œÖ¹×”Ö´×™×, ×Öµ×ª ×”Ö·×©Ö¼×Ö¸×Ö·×™Ö´×, ×•Ö°×Öµ×ª ×”Ö¸×Ö¸×¨Ö¶×¥",Beef - Flank Steak,CNY,Q4,1987,99,12/22/2023,Retail,474
0.00,Tuna - Sushi Grade,IDR,Q3,1994,65,03/20/2024,Wholesale,475
ï¾Ÿï½¥âœ¿ãƒ¾â•²(ï½¡â—•â€¿â—•ï½¡)â•±âœ¿ï½¥ï¾Ÿ,Okra,CNY,Q3,1996,98,03/25/2024,Retail,476
Ì¡Í“Í…ÌIÍÌ—Ì˜Ì¦nÍ‡Í‡Í™vÌ®Ì«okÌ²Ì«Ì™ÍˆiÌ–Í™Ì­Ì¹Ì ÌnÌ¡Ì»Ì®Ì£ÌºgÌ²ÍˆÍ™Ì­Í™Ì¬Í Ì°tÍ”Ì¦hÌÌ²eÌ¢Ì¤ ÍÌ¬Ì²Í–fÌ´Ì˜Í•Ì£eÍ€Í–eÌ£Ì¥Ì©lÍ–Í”ÍšiÍ Í“ÍšÌ¦nÍ–ÍÌ—Í“Ì³Ì®gÍ Ì¨oÍ¡ÍšÌªfÌ˜Ì£Ì¬ Ì–Ì˜Í–ÌŸÍ™Ì®cÒ‰Í”Ì«Í–Í“Í‡Í–Í…hÌµÌ¤Ì£ÍšÍ”aÍÌ—Ì¼Í…Í•oÌ¼Ì£Ì¥sÍ¢Ì±ÍˆÌºÌ–Ì¦Ì».Ì›Ì–ÌÌ Ì«Ì°,Lettuce - Romaine,BRL,Q2,1993,12,12/24/2023,Retail,477
Ù¡Ù¢Ù£,Cherries - Frozen,NGN,Q3,1965,58,10/03/2023,Retail,478
âœ‹ğŸ¿ ğŸ’ªğŸ¿ ğŸ‘ğŸ¿ ğŸ™ŒğŸ¿ ğŸ‘ğŸ¿ ğŸ™ğŸ¿,Bar - Sweet And Salty Chocolate,RUB,Q3,1992,54,04/07/2024,Wholesale,479
Ã¥ÃŸâˆ‚Æ’Â©Ë™âˆ†ËšÂ¬â€¦Ã¦,Lettuce - Lambs Mash,PHP,Q2,1999,63,12/31/2023,Retail,480
null,"Wine - Red, Metus Rose",COP,Q4,2006,57,12/09/2023,Wholesale,481
Å“âˆ‘Â´Â®â€ Â¥Â¨Ë†Ã¸Ï€â€œâ€˜,Paper Cocktail Umberlla 80 - 180,PLN,Q1,1987,67,08/05/2024,Wholesale,482
0.00,"Wine - White, Cooking",MYR,Q1,1992,60,11/05/2023,Wholesale,483
null,Carrots - Jumbo,CZK,Q4,1985,80,12/20/2023,Wholesale,484
/dev/null; touch /tmp/blns.fail ; echo,Sherbet - Raspberry,CNY,Q3,2009,29,04/27/2024,Retail,485
",ã€‚ãƒ»:*:ãƒ»ã‚œâ€™( â˜» Ï‰ â˜» )ã€‚ãƒ»:*:ãƒ»ã‚œâ€™",Chinese Foods - Pepper Beef,MXN,Q4,2004,26,09/12/2024,Retail,486
1/2,Wine - Tribal Sauvignon,IDR,Q2,1998,4,06/06/2024,Wholesale,487
â°â´âµâ‚€â‚â‚‚,"Cheese - Romano, Grated",IDR,Q2,2005,49,05/03/2024,Wholesale,488
ï»¿,Kolrabi,IDR,Q2,1994,78,12/15/2023,Retail,489
-1E+02,Cheese - Roquefort Pappillon,SEK,Q2,2001,75,10/12/2023,Wholesale,490
"×‘Ö¼Ö°×¨Öµ××©×Ö´×™×ª, ×‘Ö¼Ö¸×¨Ö¸× ×Ö±×œÖ¹×”Ö´×™×, ×Öµ×ª ×”Ö·×©Ö¼×Ö¸×Ö·×™Ö´×, ×•Ö°×Öµ×ª ×”Ö¸×Ö¸×¨Ö¶×¥",Pate - Liver,PLN,Q2,1987,52,12/19/2023,Wholesale,491
00Ë™Æ–$-,Wine - Merlot Vina Carmen,GTQ,Q2,2002,64,05/07/2024,Wholesale,492
"""''''""'""",Soup - Verve - Chipotle Chicken,CNY,Q4,2011,78,08/25/2024,Wholesale,493
"""'""'""''''""",Pan Grease,ZAR,Q3,2007,49,08/15/2024,Wholesale,494
â€ªâ€ªtestâ€ª,Ham - Black Forest,PHP,Q4,1995,85,05/18/2024,Wholesale,495
ì‚¬íšŒê³¼í•™ì› ì–´í•™ì—°êµ¬ì†Œ,Grenadillo,CZK,Q3,2006,75,09/12/2024,Wholesale,496
",./;'[]\-=","Lid - High Heat, Super Clear",AMD,Q4,1993,52,04/28/2024,Retail,497
<svg><script>0<1>alert('XSS')</script>,Boogies,GTQ,Q4,2003,93,07/17/2024,Retail,498
1;DROP TABLE users,"Crush - Orange, 355ml",EGP,Q2,2007,52,12/01/2023,Retail,499
×”Ö¸×™Ö°×ªÖ¸×”testØ§Ù„ØµÙØ­Ø§Øª Ø§Ù„ØªÙ‘Ø­ÙˆÙ„,Wine - Casillero Del Diablo,CNY,Q4,2009,36,05/06/2024,Wholesale,500
ãƒ½à¼¼àºˆÙ„Íœàºˆà¼½ï¾‰ ãƒ½à¼¼àºˆÙ„Íœàºˆà¼½ï¾‰ ,Mortadella,MGA,Q2,1997,41,08/04/2024,Retail,501
â‚€â‚â‚‚,"Syrup - Monin, Amaretta",VEF,Q3,1994,7,02/01/2024,Wholesale,502
0/0,"Veal - Insides, Grains",SEK,Q1,2003,33,02/20/2024,Wholesale,503
Ù¡Ù¢Ù£,"Beef - Chuck, Boneless",PEN,Q1,1986,70,11/12/2023,Wholesale,504
',Campari,RUB,Q4,1992,10,01/07/2024,Retail,505
Ë™Énbá´‰lÉ ÉuÆƒÉÉ¯ ÇÉ¹olop Ê‡Ç ÇÉ¹oqÉl Ê‡n Ê‡unpá´‰pá´‰É”uá´‰ É¹odÉ¯ÇÊ‡ poÉ¯sná´‰Ç op pÇs 'Ê‡á´‰lÇ Æƒuá´‰É”sá´‰dá´‰pÉ É¹nÊ‡ÇÊ‡É”ÇsuoÉ” 'Ê‡ÇÉ¯É Ê‡á´‰s É¹olop É¯nsdá´‰ É¯ÇÉ¹oË¥,"Soup - Knorr, Classic Can. Chili",USD,Q1,2004,61,03/27/2024,Wholesale,506
Â¸Ë›Ã‡â—ŠÄ±ËœÃ‚Â¯Ë˜Â¿,Hinge W Undercut,CNY,Q2,1984,69,03/26/2024,Wholesale,507
"<>?:""{}|_+",Chips Potato Salt Vinegar 43g,EUR,Q3,2008,41,01/25/2024,Wholesale,508
â°â´âµ,Pork - Side Ribs,PEN,Q4,1995,74,11/15/2023,Retail,509
Å“âˆ‘Â´Â®â€ Â¥Â¨Ë†Ã¸Ï€â€œâ€˜,Beef - Sushi Flat Iron Steak,USD,Q3,2011,5,01/14/2024,Retail,510
TÌ•Ì­ÌºÌºoÍ Ì·iÌ²Ì¬Í‡ÌªÍ™nÌÌ—Í•vÍŸÌŸÌœÌ˜Ì¦oÌ¶Ì™Ì°Ì keÍ€ÍšÌ®ÌºÌªÌ¹Ì±Ì¤ Ì–tÍÌÍ•Ì³Ì£Ì»ÌªhÌ¼Í“Ì²Ì¦Ì³Ì˜Ì²eÍ‡Ì£Ì°Ì¦Ì¬Í Ì¢Ì¼Ì»Ì±Ì˜hÍ…ÍšÍÍ™ÌœÌ£Ì²iÌ¦Ì²Ì£Ì°Ì¤vÌ»ÍeÌºÌ­Ì³ÌªÌ°-mÌ¢iÍ…nÌ–ÌºÌÌ²Ì¯Ì°dÌµÌ¼ÌŸÍ™Ì©Ì¼Ì˜Ì³ ÌÌ¥Ì±Ì³Ì­rÌ›Ì—Ì˜eÍ™pÍ rÌ¼ÌÌ»Ì­Ì—eÍŸÌºÌ Ì£sÌ˜Í‡Ì³ÍÌÍ‰eÍœÍ‰Ì¥Ì¯ÌÌ²ÍšÌ¬nÍ€Ì¬ÍÍÌŸÌ–Í‡Ì¤tÍ˜ÍÌ¬Í…Ì¤Í“Ì¼Ì­iÌªÌ±nÍ gÌ´Í‰ ÍÍ‰Í…cÌ¬ÌŸhÍ¡aÍ˜Ì«Ì»Ì¯oÌ«ÌŸÌ–ÍÌ™ÌÍ‰sÌ—Ì¦Ì².Ì¨Ì¹ÍˆÌ£,Snapple Lemon Tea,EUR,Q4,2009,51,08/26/2024,Retail,511
ğ œğ œ±ğ ¹ğ ±“ğ ±¸ğ ²–ğ ³,Monkfish Fresh - Skin Off,ILS,Q1,1994,61,01/04/2024,Retail,512
1/2,Wine - Charddonnay Errazuriz,GHS,Q4,2007,77,04/04/2024,Retail,513
() { _; } >_[$($())] { touch /tmp/blns.shellshock2.fail; },Pie Filling - Pumpkin,USD,Q4,2001,1,09/26/2024,Retail,514
,Rice - Basmati,ARS,Q3,1990,100,11/22/2023,Retail,515
ç”°ä¸­ã•ã‚“ã«ã‚ã’ã¦ä¸‹ã•ã„,Strawberries - California,CNY,Q1,2000,69,03/14/2024,Wholesale,516
-1/2,"Placemat - Scallop, White",PHP,Q1,1994,53,03/28/2024,Wholesale,517
Ã¥ÃŸâˆ‚Æ’Â©Ë™âˆ†ËšÂ¬â€¦Ã¦,Yams,RUB,Q1,2000,62,08/09/2024,Wholesale,518
ï¾Ÿï½¥âœ¿ãƒ¾â•²(ï½¡â—•â€¿â—•ï½¡)â•±âœ¿ï½¥ï¾Ÿ,Sobe - Berry Energy,EUR,Q3,1998,41,05/27/2024,Retail,519
-1E02,Coffee Cup 8oz 5338cd,LYD,Q3,2012,75,11/24/2023,Wholesale,520
ãƒ½à¼¼àºˆÙ„Íœàºˆà¼½ï¾‰ ãƒ½à¼¼àºˆÙ„Íœàºˆà¼½ï¾‰ ,Sauce Tomato Pouch,EUR,Q4,1993,52,06/01/2024,Retail,521
âœ‹ğŸ¿ ğŸ’ªğŸ¿ ğŸ‘ğŸ¿ ğŸ™ŒğŸ¿ ğŸ‘ğŸ¿ ğŸ™ğŸ¿,Table Cloth 54x54 Colour,VEF,Q1,2011,45,03/04/2024,Retail,522
ğŸš¾ ğŸ†’ ğŸ†“ ğŸ†• ğŸ†– ğŸ†— ğŸ†™ ğŸ§,Pork - Belly Fresh,CNY,Q4,1992,67,07/21/2024,Wholesale,523
TÌ•Ì­ÌºÌºoÍ Ì·iÌ²Ì¬Í‡ÌªÍ™nÌÌ—Í•vÍŸÌŸÌœÌ˜Ì¦oÌ¶Ì™Ì°Ì keÍ€ÍšÌ®ÌºÌªÌ¹Ì±Ì¤ Ì–tÍÌÍ•Ì³Ì£Ì»ÌªhÌ¼Í“Ì²Ì¦Ì³Ì˜Ì²eÍ‡Ì£Ì°Ì¦Ì¬Í Ì¢Ì¼Ì»Ì±Ì˜hÍ…ÍšÍÍ™ÌœÌ£Ì²iÌ¦Ì²Ì£Ì°Ì¤vÌ»ÍeÌºÌ­Ì³ÌªÌ°-mÌ¢iÍ…nÌ–ÌºÌÌ²Ì¯Ì°dÌµÌ¼ÌŸÍ™Ì©Ì¼Ì˜Ì³ ÌÌ¥Ì±Ì³Ì­rÌ›Ì—Ì˜eÍ™pÍ rÌ¼ÌÌ»Ì­Ì—eÍŸÌºÌ Ì£sÌ˜Í‡Ì³ÍÌÍ‰eÍœÍ‰Ì¥Ì¯ÌÌ²ÍšÌ¬nÍ€Ì¬ÍÍÌŸÌ–Í‡Ì¤tÍ˜ÍÌ¬Í…Ì¤Í“Ì¼Ì­iÌªÌ±nÍ gÌ´Í‰ ÍÍ‰Í…cÌ¬ÌŸhÍ¡aÍ˜Ì«Ì»Ì¯oÌ«ÌŸÌ–ÍÌ™ÌÍ‰sÌ—Ì¦Ì².Ì¨Ì¹ÍˆÌ£,Chicken - Base,TND,Q1,2010,61,09/27/2024,Wholesale,524
ãƒ‘ãƒ¼ãƒ†ã‚£ãƒ¼ã¸è¡Œã‹ãªã„ã‹,Muffin - Mix - Creme Brule 15l,GEL,Q1,2008,47,08/14/2024,Wholesale,525
1,Bread - White Mini Epi,BRL,Q2,2012,36,11/06/2023,Retail,526
$1.00,Daikon Radish,PHP,Q2,2001,40,12/27/2023,Retail,527
1;DROP TABLE users,Tomatoes - Hot House,PEN,Q3,2012,5,09/07/2024,Retail,528
âœ‹ğŸ¿ ğŸ’ªğŸ¿ ğŸ‘ğŸ¿ ğŸ™ŒğŸ¿ ğŸ‘ğŸ¿ ğŸ™ğŸ¿,Fruit Mix - Light,NGN,Q1,1987,14,11/13/2023,Wholesale,529
â°â´âµâ‚€â‚â‚‚,Island Oasis - Mango Daiquiri,TZS,Q3,1993,12,06/26/2024,Retail,530
â°â´âµ,Beef - Top Sirloin - Aaa,RUB,Q3,2005,48,05/31/2024,Retail,531
(ï½¡â—• âˆ€ â—•ï½¡),Fudge - Cream Fudge,BRL,Q3,2007,89,10/24/2023,Retail,532
`â„â‚¬â€¹â€ºï¬ï¬‚â€¡Â°Â·â€šâ€”Â±,"Turkey - Breast, Bone - In",PHP,Q4,2001,5,11/15/2023,Wholesale,533
() { 0; }; touch /tmp/blns.shellshock1.fail;,Energy - Boo - Koo,VND,Q3,2005,37,03/13/2024,Retail,534
-1E+02,"Pork - Bacon, Double Smoked",PLN,Q2,2002,4,02/22/2024,Retail,535
ï»¿,Calvados - Boulard,CNY,Q2,2006,4,07/20/2024,Wholesale,536
null,Longos - Grilled Veg Sandwiches,USD,Q1,2003,81,08/29/2024,Retail,537
NULL,Ginger - Pickled,BIF,Q3,1989,94,12/31/2023,Wholesale,538
(â•¯Â°â–¡Â°ï¼‰â•¯ï¸µ â”»â”â”»)  ,Cheese - Taleggio D.o.p.,IDR,Q1,1989,40,06/24/2024,Wholesale,539
NIL,Yucca,CZK,Q4,1997,26,11/06/2023,Wholesale,540
âœ‹ğŸ¿ ğŸ’ªğŸ¿ ğŸ‘ğŸ¿ ğŸ™ŒğŸ¿ ğŸ‘ğŸ¿ ğŸ™ğŸ¿,"Vodka - Hot, Lnferno",PHP,Q3,2007,50,02/03/2024,Wholesale,541
999999999999999999999999999999999999999999999999999999999999999999999999999999999999999999999999,"Cheese - Cheddar, Mild",EUR,Q4,1990,77,02/28/2024,Retail,542
â°â´âµâ‚€â‚â‚‚,Chocolate Bar - Coffee Crisp,RUB,Q2,2008,72,08/03/2024,Wholesale,543
áš€,Straw - Regular,CNY,Q3,2000,49,08/31/2024,Wholesale,544
âœ‹ğŸ¿ ğŸ’ªğŸ¿ ğŸ‘ğŸ¿ ğŸ™ŒğŸ¿ ğŸ‘ğŸ¿ ğŸ™ğŸ¿,"Tart Shells - Savory, 3",IDR,Q2,1995,64,08/05/2024,Retail,545
"Ø«Ù… Ù†ÙØ³ Ø³Ù‚Ø·Øª ÙˆØ¨Ø§Ù„ØªØ­Ø¯ÙŠØ¯ØŒ, Ø¬Ø²ÙŠØ±ØªÙŠ Ø¨Ø§Ø³ØªØ®Ø¯Ø§Ù… Ø£Ù† Ø¯Ù†Ùˆ. Ø¥Ø° Ù‡Ù†Ø§ØŸ Ø§Ù„Ø³ØªØ§Ø± ÙˆØªÙ†ØµÙŠØ¨ ÙƒØ§Ù†. Ø£Ù‡Ù‘Ù„ Ø§ÙŠØ·Ø§Ù„ÙŠØ§ØŒ Ø¨Ø±ÙŠØ·Ø§Ù†ÙŠØ§-ÙØ±Ù†Ø³Ø§ Ù‚Ø¯ Ø£Ø®Ø°. Ø³Ù„ÙŠÙ…Ø§Ù†ØŒ Ø¥ØªÙØ§Ù‚ÙŠØ© Ø¨ÙŠÙ† Ù…Ø§, ÙŠØ°ÙƒØ± Ø§Ù„Ø­Ø¯ÙˆØ¯ Ø£ÙŠ Ø¨Ø¹Ø¯, Ù…Ø¹Ø§Ù…Ù„Ø© Ø¨ÙˆÙ„Ù†Ø¯Ø§ØŒ Ø§Ù„Ø¥Ø·Ù„Ø§Ù‚ Ø¹Ù„ Ø¥ÙŠÙˆ.",Oil - Macadamia,CNY,Q3,2002,23,07/31/2024,Retail,546
Ì¡Í“Í…ÌIÍÌ—Ì˜Ì¦nÍ‡Í‡Í™vÌ®Ì«okÌ²Ì«Ì™ÍˆiÌ–Í™Ì­Ì¹Ì ÌnÌ¡Ì»Ì®Ì£ÌºgÌ²ÍˆÍ™Ì­Í™Ì¬Í Ì°tÍ”Ì¦hÌÌ²eÌ¢Ì¤ ÍÌ¬Ì²Í–fÌ´Ì˜Í•Ì£eÍ€Í–eÌ£Ì¥Ì©lÍ–Í”ÍšiÍ Í“ÍšÌ¦nÍ–ÍÌ—Í“Ì³Ì®gÍ Ì¨oÍ¡ÍšÌªfÌ˜Ì£Ì¬ Ì–Ì˜Í–ÌŸÍ™Ì®cÒ‰Í”Ì«Í–Í“Í‡Í–Í…hÌµÌ¤Ì£ÍšÍ”aÍÌ—Ì¼Í…Í•oÌ¼Ì£Ì¥sÍ¢Ì±ÍˆÌºÌ–Ì¦Ì».Ì›Ì–ÌÌ Ì«Ì°,Pate Pans Yellow,UAH,Q4,2011,66,01/10/2024,Retail,547
ğŸ‘¾ ğŸ™‡ ğŸ’ ğŸ™… ğŸ™† ğŸ™‹ ğŸ™ ğŸ™ ,Truffle Shells - White Chocolate,RSD,Q3,2003,47,01/04/2024,Retail,548
-$1.00,"Pasta - Penne, Rigate, Dry",SEK,Q3,2010,6,02/17/2024,Wholesale,549
â°â´âµâ‚€â‚â‚‚,Wine - Gato Negro Cabernet,SEK,Q3,1999,1,07/10/2024,Retail,550
ãƒ‘ãƒ¼ãƒ†ã‚£ãƒ¼ã¸è¡Œã‹ãªã„ã‹,Cheese - Parmigiano Reggiano,EUR,Q2,1997,35,05/10/2024,Wholesale,551
ğ œğ œ±ğ ¹ğ ±“ğ ±¸ğ ²–ğ ³,Wine - Two Oceans Sauvignon,PHP,Q3,2006,94,04/30/2024,Retail,552
Å“âˆ‘Â´Â®â€ Â¥Â¨Ë†Ã¸Ï€â€œâ€˜,"Lettuce - Romaine, Heart",BTN,Q3,2012,89,06/12/2024,Wholesale,553
â¤ï¸ ğŸ’” ğŸ’Œ ğŸ’• ğŸ’ ğŸ’“ ğŸ’— ğŸ’– ğŸ’˜ ğŸ’ ğŸ’Ÿ ğŸ’œ ğŸ’› ğŸ’š ğŸ’™,"Soup - Knorr, Ministrone",PHP,Q2,2005,62,06/09/2024,Wholesale,554
1;DROP TABLE users,Limes,BRL,Q1,1999,58,02/10/2024,Retail,555
'',Cheese - Shred Cheddar / Mozza,AMD,Q4,1997,7,11/12/2023,Retail,556
â¡,Calypso - Black Cherry Lemonade,CNY,Q4,2007,28,10/11/2023,Wholesale,557
(â•¯Â°â–¡Â°ï¼‰â•¯ï¸µ â”»â”â”»)  ,Chicken Breast Halal,BRL,Q4,2003,84,04/30/2024,Wholesale,558
"Ø«Ù… Ù†ÙØ³ Ø³Ù‚Ø·Øª ÙˆØ¨Ø§Ù„ØªØ­Ø¯ÙŠØ¯ØŒ, Ø¬Ø²ÙŠØ±ØªÙŠ Ø¨Ø§Ø³ØªØ®Ø¯Ø§Ù… Ø£Ù† Ø¯Ù†Ùˆ. Ø¥Ø° Ù‡Ù†Ø§ØŸ Ø§Ù„Ø³ØªØ§Ø± ÙˆØªÙ†ØµÙŠØ¨ ÙƒØ§Ù†. Ø£Ù‡Ù‘Ù„ Ø§ÙŠØ·Ø§Ù„ÙŠØ§ØŒ Ø¨Ø±ÙŠØ·Ø§Ù†ÙŠØ§-ÙØ±Ù†Ø³Ø§ Ù‚Ø¯ Ø£Ø®Ø°. Ø³Ù„ÙŠÙ…Ø§Ù†ØŒ Ø¥ØªÙØ§Ù‚ÙŠØ© Ø¨ÙŠÙ† Ù…Ø§, ÙŠØ°ÙƒØ± Ø§Ù„Ø­Ø¯ÙˆØ¯ Ø£ÙŠ Ø¨Ø¹Ø¯, Ù…Ø¹Ø§Ù…Ù„Ø© Ø¨ÙˆÙ„Ù†Ø¯Ø§ØŒ Ø§Ù„Ø¥Ø·Ù„Ø§Ù‚ Ø¹Ù„ Ø¥ÙŠÙˆ.",Lime Cordial - Roses,HRK,Q3,1987,98,02/25/2024,Retail,559
â¤ï¸ ğŸ’” ğŸ’Œ ğŸ’• ğŸ’ ğŸ’“ ğŸ’— ğŸ’– ğŸ’˜ ğŸ’ ğŸ’Ÿ ğŸ’œ ğŸ’› ğŸ’š ğŸ’™,"Asparagus - White, Canned",UYU,Q1,2002,1,10/25/2023,Retail,560
âœ‹ğŸ¿ ğŸ’ªğŸ¿ ğŸ‘ğŸ¿ ğŸ™ŒğŸ¿ ğŸ‘ğŸ¿ ğŸ™ğŸ¿,Sambuca Cream,EUR,Q3,2006,80,09/24/2024,Wholesale,561
ï½€ï½¨(Â´âˆ€ï½€âˆ©,Wine - Pinot Grigio Collavini,PHP,Q2,1985,68,03/26/2024,Retail,562
`â„â‚¬â€¹â€ºï¬ï¬‚â€¡Â°Â·â€šâ€”Â±,Sambuca - Ramazzotti,ARS,Q1,2011,86,03/29/2024,Retail,563
ìš¸ë€ë°”í† ë¥´,Wine - Jackson Triggs Okonagan,CNY,Q4,1999,70,06/05/2024,Retail,564
-1,Rice - Aborio,PEN,Q4,1999,44,04/22/2024,Wholesale,565
ìš¸ë€ë°”í† ë¥´,Limes,MUR,Q3,1998,40,11/11/2023,Wholesale,566
1'; DROP TABLE users--,Olives - Kalamata,CNY,Q3,2005,54,03/28/2024,Retail,567
1E+02,Wine - Chardonnay South,EUR,Q4,1994,91,01/11/2024,Wholesale,568
(ï¾‰à²¥ç›Šà²¥ï¼‰ï¾‰ï»¿ â”»â”â”»,"Salmon - Smoked, Sliced",EUR,Q1,2009,25,07/05/2024,Retail,569
",./;'[]\-=",Soho Lychee Liqueur,EUR,Q2,2012,81,06/06/2024,Wholesale,570
(â•¯Â°â–¡Â°ï¼‰â•¯ï¸µ â”»â”â”»)  ,Ham Black Forest,CNY,Q4,2011,15,05/28/2024,Wholesale,571
"""'""'""''''""",Ham - Proscuitto,YER,Q1,2010,83,06/26/2024,Wholesale,572
0ï¸âƒ£ 1ï¸âƒ£ 2ï¸âƒ£ 3ï¸âƒ£ 4ï¸âƒ£ 5ï¸âƒ£ 6ï¸âƒ£ 7ï¸âƒ£ 8ï¸âƒ£ 9ï¸âƒ£ ğŸ”Ÿ,Potatoes - Mini Red,CNY,Q4,2012,87,10/15/2023,Retail,573
"Ø«Ù… Ù†ÙØ³ Ø³Ù‚Ø·Øª ÙˆØ¨Ø§Ù„ØªØ­Ø¯ÙŠØ¯ØŒ, Ø¬Ø²ÙŠØ±ØªÙŠ Ø¨Ø§Ø³ØªØ®Ø¯Ø§Ù… Ø£Ù† Ø¯Ù†Ùˆ. Ø¥Ø° Ù‡Ù†Ø§ØŸ Ø§Ù„Ø³ØªØ§Ø± ÙˆØªÙ†ØµÙŠØ¨ ÙƒØ§Ù†. Ø£Ù‡Ù‘Ù„ Ø§ÙŠØ·Ø§Ù„ÙŠØ§ØŒ Ø¨Ø±ÙŠØ·Ø§Ù†ÙŠØ§-ÙØ±Ù†Ø³Ø§ Ù‚Ø¯ Ø£Ø®Ø°. Ø³Ù„ÙŠÙ…Ø§Ù†ØŒ Ø¥ØªÙØ§Ù‚ÙŠØ© Ø¨ÙŠÙ† Ù…Ø§, ÙŠØ°ÙƒØ± Ø§Ù„Ø­Ø¯ÙˆØ¯ Ø£ÙŠ Ø¨Ø¹Ø¯, Ù…Ø¹Ø§Ù…Ù„Ø© Ø¨ÙˆÙ„Ù†Ø¯Ø§ØŒ Ø§Ù„Ø¥Ø·Ù„Ø§Ù‚ Ø¹Ù„ Ø¥ÙŠÙˆ.",Salt - Celery,ARS,Q3,1994,92,09/09/2024,Wholesale,574
ğŸš¾ ğŸ†’ ğŸ†“ ğŸ†• ğŸ†– ğŸ†— ğŸ†™ ğŸ§,Cheese - Goat With Herbs,IDR,Q1,1992,41,08/25/2024,Retail,575
/dev/null; touch /tmp/blns.fail ; echo,Rye Special Old,EUR,Q1,1999,82,03/23/2024,Retail,576
ğŸ‘©ğŸ½,Steam Pan - Half Size Deep,PEN,Q1,1997,31,09/14/2024,Wholesale,577
NIL,Scallops 60/80 Iqf,IDR,Q2,1992,31,09/18/2024,Retail,578
"<>?:""{}|_+","Crab - Claws, Snow 16 - 24",PLN,Q1,1997,9,01/12/2024,Wholesale,579
-1.00,Dill Weed - Dry,NGN,Q3,2007,29,06/10/2024,Wholesale,580
"""''''""'""","Veal - Round, Eye Of",CNY,Q1,2010,1,06/25/2024,Wholesale,581
â¤ï¸ ğŸ’” ğŸ’Œ ğŸ’• ğŸ’ ğŸ’“ ğŸ’— ğŸ’– ğŸ’˜ ğŸ’ ğŸ’Ÿ ğŸ’œ ğŸ’› ğŸ’š ğŸ’™,Cake - Cheese Cake 9 Inch,UZS,Q3,2002,78,04/17/2024,Wholesale,582
NULL,Pastry - Plain Baked Croissant,XAF,Q2,1971,60,02/10/2024,Retail,583
-1E2,"Doilies - 12, Paper",UAH,Q1,1992,49,09/24/2024,Retail,584
"""'""'""''''""",Haggis,CNY,Q1,1992,73,07/06/2024,Wholesale,585
â°â´âµ,Petit Baguette,THB,Q4,2012,56,12/05/2023,Retail,586
ï¾Ÿï½¥âœ¿ãƒ¾â•²(ï½¡â—•â€¿â—•ï½¡)â•±âœ¿ï½¥ï¾Ÿ,Calypso - Strawberry Lemonade,SEK,Q2,2002,84,06/05/2024,Retail,587
1/0,Mayonnaise,CNY,Q1,2004,40,12/16/2023,Retail,588
å’Œè£½æ¼¢èª,Orange - Blood,XOF,Q3,2011,3,10/26/2023,Wholesale,589
ğŸµ ğŸ™ˆ ğŸ™‰ ğŸ™Š,Pate - Cognac,ARS,Q3,2012,70,01/01/2024,Retail,590
-1E+02,Piping - Bags Quizna,CNY,Q3,2000,47,11/28/2023,Retail,591
testâ testâ€«,Potatoes - Mini White 3 Oz,PHP,Q2,1989,33,02/10/2024,Retail,592
ã€€,"Oil - Olive, Extra Virgin",CNY,Q3,1990,40,01/08/2024,Retail,593
1/2,Lotus Rootlets - Canned,CNY,Q3,1996,15,11/09/2023,Retail,594
ï¾Ÿï½¥âœ¿ãƒ¾â•²(ï½¡â—•â€¿â—•ï½¡)â•±âœ¿ï½¥ï¾Ÿ,Wine - Kwv Chenin Blanc South,PLN,Q2,2006,67,07/26/2024,Retail,595
1/2,"Wine - Red, Antinori Santa",CNY,Q2,2008,24,11/22/2023,Retail,596
'',"Beef - Tenderlion, Center Cut",PYG,Q3,2006,29,01/18/2024,Wholesale,597
"×‘Ö¼Ö°×¨Öµ××©×Ö´×™×ª, ×‘Ö¼Ö¸×¨Ö¸× ×Ö±×œÖ¹×”Ö´×™×, ×Öµ×ª ×”Ö·×©Ö¼×Ö¸×Ö·×™Ö´×, ×•Ö°×Öµ×ª ×”Ö¸×Ö¸×¨Ö¶×¥",Oysters - Smoked,CNY,Q3,2000,21,02/04/2024,Retail,598
"'""'",Mushroom - Porcini Frozen,CNY,Q2,1970,63,02/13/2024,Retail,599
(ï½¡â—• âˆ€ â—•ï½¡),"Chocolate - Pistoles, Lactee, Milk",XPF,Q2,1999,20,05/23/2024,Retail,600
ãƒ½à¼¼àºˆÙ„Íœàºˆà¼½ï¾‰ ãƒ½à¼¼àºˆÙ„Íœàºˆà¼½ï¾‰ ,Lettuce - Sea / Sea Asparagus,RUB,Q3,2010,48,05/12/2024,Wholesale,601
Ì¡Í“Í…ÌIÍÌ—Ì˜Ì¦nÍ‡Í‡Í™vÌ®Ì«okÌ²Ì«Ì™ÍˆiÌ–Í™Ì­Ì¹Ì ÌnÌ¡Ì»Ì®Ì£ÌºgÌ²ÍˆÍ™Ì­Í™Ì¬Í Ì°tÍ”Ì¦hÌÌ²eÌ¢Ì¤ ÍÌ¬Ì²Í–fÌ´Ì˜Í•Ì£eÍ€Í–eÌ£Ì¥Ì©lÍ–Í”ÍšiÍ Í“ÍšÌ¦nÍ–ÍÌ—Í“Ì³Ì®gÍ Ì¨oÍ¡ÍšÌªfÌ˜Ì£Ì¬ Ì–Ì˜Í–ÌŸÍ™Ì®cÒ‰Í”Ì«Í–Í“Í‡Í–Í…hÌµÌ¤Ì£ÍšÍ”aÍÌ—Ì¼Í…Í•oÌ¼Ì£Ì¥sÍ¢Ì±ÍˆÌºÌ–Ì¦Ì».Ì›Ì–ÌÌ Ì«Ì°,Zucchini - Green,DOP,Q3,2008,30,05/04/2024,Wholesale,602
NULL,Pastry - Plain Baked Croissant,COP,Q2,2005,56,10/26/2023,Wholesale,603
Å“âˆ‘Â´Â®â€ Â¥Â¨Ë†Ã¸Ï€â€œâ€˜,Bagel - Everything Presliced,ILS,Q1,2004,21,08/25/2024,Wholesale,604
"""""",Chocolate - Milk Coating,ARS,Q2,2012,18,06/07/2024,Wholesale,605
`â„â‚¬â€¹â€ºï¬ï¬‚â€¡Â°Â·â€šâ€”Â±,"Pasta - Spaghetti, Dry",XPF,Q1,2010,89,11/20/2023,Retail,606
TÌ•Ì­ÌºÌºoÍ Ì·iÌ²Ì¬Í‡ÌªÍ™nÌÌ—Í•vÍŸÌŸÌœÌ˜Ì¦oÌ¶Ì™Ì°Ì keÍ€ÍšÌ®ÌºÌªÌ¹Ì±Ì¤ Ì–tÍÌÍ•Ì³Ì£Ì»ÌªhÌ¼Í“Ì²Ì¦Ì³Ì˜Ì²eÍ‡Ì£Ì°Ì¦Ì¬Í Ì¢Ì¼Ì»Ì±Ì˜hÍ…ÍšÍÍ™ÌœÌ£Ì²iÌ¦Ì²Ì£Ì°Ì¤vÌ»ÍeÌºÌ­Ì³ÌªÌ°-mÌ¢iÍ…nÌ–ÌºÌÌ²Ì¯Ì°dÌµÌ¼ÌŸÍ™Ì©Ì¼Ì˜Ì³ ÌÌ¥Ì±Ì³Ì­rÌ›Ì—Ì˜eÍ™pÍ rÌ¼ÌÌ»Ì­Ì—eÍŸÌºÌ Ì£sÌ˜Í‡Ì³ÍÌÍ‰eÍœÍ‰Ì¥Ì¯ÌÌ²ÍšÌ¬nÍ€Ì¬ÍÍÌŸÌ–Í‡Ì¤tÍ˜ÍÌ¬Í…Ì¤Í“Ì¼Ì­iÌªÌ±nÍ gÌ´Í‰ ÍÍ‰Í…cÌ¬ÌŸhÍ¡aÍ˜Ì«Ì»Ì¯oÌ«ÌŸÌ–ÍÌ™ÌÍ‰sÌ—Ì¦Ì².Ì¨Ì¹ÍˆÌ£,Shichimi Togarashi Peppeers,CNY,Q3,1997,72,06/16/2024,Wholesale,607
`â„â‚¬â€¹â€ºï¬ï¬‚â€¡Â°Â·â€šâ€”Â±,Bread - Sour Batard,CNY,Q4,2009,69,07/19/2024,Retail,608
â‚€â‚â‚‚,Buffalo - Striploin,CNY,Q4,2004,71,09/22/2024,Wholesale,609
â‚€â‚â‚‚,Island Oasis - Peach Daiquiri,CNY,Q1,2011,38,06/15/2024,Retail,610
"""'""'""''''""",Pastry - Lemon Danish - Mini,XAF,Q4,2001,45,05/17/2024,Wholesale,611
-1,Table Cloth 53x69 White,CNY,Q3,2001,12,10/27/2023,Retail,612
'',"Pork - Loin, Boneless",ARS,Q4,1991,12,03/16/2024,Retail,613
â¡,Chicken Thigh - Bone Out,ARS,Q2,2013,80,05/31/2024,Retail,614
â¡,Cheese - Roquefort Pappillon,CNY,Q2,1998,73,09/21/2024,Wholesale,615
Â¸Ë›Ã‡â—ŠÄ±ËœÃ‚Â¯Ë˜Â¿,Lobak,RUB,Q3,2008,91,09/26/2024,Retail,616
Ù¡Ù¢Ù£,Toothpick Frilled,RUB,Q1,1985,27,08/04/2024,Retail,617
ğŸ˜,Seabream Whole Farmed,ZAR,Q3,1991,94,05/18/2024,Wholesale,618
-1.00,Compound - Pear,IDR,Q3,2012,49,03/18/2024,Retail,619
"<>?:""{}|_+",Garbage Bags - Black,UAH,Q1,2009,91,02/11/2024,Wholesale,620
ï½€ï½¨(Â´âˆ€ï½€âˆ©,Wine - Chianti Classica Docg,IDR,Q3,2005,15,02/27/2024,Retail,621
"Ø«Ù… Ù†ÙØ³ Ø³Ù‚Ø·Øª ÙˆØ¨Ø§Ù„ØªØ­Ø¯ÙŠØ¯ØŒ, Ø¬Ø²ÙŠØ±ØªÙŠ Ø¨Ø§Ø³ØªØ®Ø¯Ø§Ù… Ø£Ù† Ø¯Ù†Ùˆ. Ø¥Ø° Ù‡Ù†Ø§ØŸ Ø§Ù„Ø³ØªØ§Ø± ÙˆØªÙ†ØµÙŠØ¨ ÙƒØ§Ù†. Ø£Ù‡Ù‘Ù„ Ø§ÙŠØ·Ø§Ù„ÙŠØ§ØŒ Ø¨Ø±ÙŠØ·Ø§Ù†ÙŠØ§-ÙØ±Ù†Ø³Ø§ Ù‚Ø¯ Ø£Ø®Ø°. Ø³Ù„ÙŠÙ…Ø§Ù†ØŒ Ø¥ØªÙØ§Ù‚ÙŠØ© Ø¨ÙŠÙ† Ù…Ø§, ÙŠØ°ÙƒØ± Ø§Ù„Ø­Ø¯ÙˆØ¯ Ø£ÙŠ Ø¨Ø¹Ø¯, Ù…Ø¹Ø§Ù…Ù„Ø© Ø¨ÙˆÙ„Ù†Ø¯Ø§ØŒ Ø§Ù„Ø¥Ø·Ù„Ø§Ù‚ Ø¹Ù„ Ø¥ÙŠÙˆ.",Pie Filling - Cherry,PEN,Q3,2000,32,02/14/2024,Retail,622
âœ‹ğŸ¿ ğŸ’ªğŸ¿ ğŸ‘ğŸ¿ ğŸ™ŒğŸ¿ ğŸ‘ğŸ¿ ğŸ™ğŸ¿,Ecolab - Balanced Fusion,IDR,Q3,2004,64,03/18/2024,Wholesale,623
ğŸµ ğŸ™ˆ ğŸ™‰ ğŸ™Š,Table Cloth 54x54 Colour,PLN,Q3,1994,87,07/26/2024,Retail,624
Ì—ÌºÍ–Ì¹Ì¯Í“TÌ±Ì¤ÍÌ¥Í‡ÍˆhÍÌ²eÍÍ“Ì¼Ì—Ì™Ì¼Ì£Í” Í‡ÌœÌ±Ì Í“ÍÍ…NÍ Í•eÌ—Ì±zÌ˜ÌÌœÌºÍ™pÌ¤ÌºÌ¹ÍÌ¯ÍšeÍœÌ Ì»Ì rÌ¨Ì¤ÍÌºÌ–Í”Ì–Ì–dÍŸÌ ÌŸÌ­Ì¬ÌiÌ¦Í–Ì©Í“Í”Ì¤aÌ Ì—Ì¬Í‰Ì™nÍœÍš Ì»ÌÌ°ÍšÍ…hÌµÍ‰iÌ³ÌvÌ¢Í‡eÍŸÌ­Í-Ò‰Ì­Ì©Ì¼Í”mÌ¤Ì­Ì«iÍ•Í‡ÌÌ¦nÌ—Í™dÌ£ÌŸ ÍÌ¯Ì²Í•oÌ¨ÌŸÌ¯Ì°Ì²Í™Ì»Ìf Í˜ÌªÌ°Ì°Ì—Ì–Ì­Ì˜cÌ¦ÍÌ²ÌÍÌ©Ì™hÌ£ÍšaÍœÌ®ÍÌŸÌ™oÌ›Ì©Ì¹ÍsÌ¤.ÌÌ Ò‰ZÌ¡Ì–ÌœÍ–Ì°Ì£Í‰ÌœaÍ¡Í–Ì°Í™Ì¬lÌ²Ì«Ì³ÍÌ©gÌ¡ÌŸÌ¼Ì±ÍšÌÌ¬Í…oÍœÌ—.ÌŸ,Steel Wool,CAD,Q2,2008,28,12/31/2023,Wholesale,625
â‚€â‚â‚‚,Pastry - Chocolate Chip Muffin,BDT,Q2,2002,45,03/10/2024,Wholesale,626
â°â´âµ,"Yogurt - Cherry, 175 Gr",BRL,Q4,1986,53,04/06/2024,Retail,627
â°â´âµâ‚€â‚â‚‚,Chinese Foods - Pepper Beef,IDR,Q1,2002,29,12/10/2023,Wholesale,628
-1E02,Ginger - Crystalized,EUR,Q4,2003,54,07/30/2024,Wholesale,629
â€ªâ€ªtestâ€ª,Pear - Asian,PHP,Q1,2004,50,01/26/2024,Retail,630
"__ï¾›(,_,*)",Chips Potato Salt Vinegar 43g,PHP,Q4,2001,96,10/08/2023,Wholesale,631
-1E2,"Tortillas - Flour, 12",CNY,Q2,1992,77,11/20/2023,Wholesale,632
Ì¡Í“Í…ÌIÍÌ—Ì˜Ì¦nÍ‡Í‡Í™vÌ®Ì«okÌ²Ì«Ì™ÍˆiÌ–Í™Ì­Ì¹Ì ÌnÌ¡Ì»Ì®Ì£ÌºgÌ²ÍˆÍ™Ì­Í™Ì¬Í Ì°tÍ”Ì¦hÌÌ²eÌ¢Ì¤ ÍÌ¬Ì²Í–fÌ´Ì˜Í•Ì£eÍ€Í–eÌ£Ì¥Ì©lÍ–Í”ÍšiÍ Í“ÍšÌ¦nÍ–ÍÌ—Í“Ì³Ì®gÍ Ì¨oÍ¡ÍšÌªfÌ˜Ì£Ì¬ Ì–Ì˜Í–ÌŸÍ™Ì®cÒ‰Í”Ì«Í–Í“Í‡Í–Í…hÌµÌ¤Ì£ÍšÍ”aÍÌ—Ì¼Í…Í•oÌ¼Ì£Ì¥sÍ¢Ì±ÍˆÌºÌ–Ì¦Ì».Ì›Ì–ÌÌ Ì«Ì°,Langers - Mango Nectar,RUB,Q1,1964,3,07/14/2024,Retail,633
-1E2,Peach - Halves,CNY,Q1,2002,5,09/29/2023,Wholesale,634
Ù¡Ù¢Ù£,Bar Energy Chocchip,CNY,Q2,1989,61,12/21/2023,Retail,635
Ì¡Í“Í…ÌIÍÌ—Ì˜Ì¦nÍ‡Í‡Í™vÌ®Ì«okÌ²Ì«Ì™ÍˆiÌ–Í™Ì­Ì¹Ì ÌnÌ¡Ì»Ì®Ì£ÌºgÌ²ÍˆÍ™Ì­Í™Ì¬Í Ì°tÍ”Ì¦hÌÌ²eÌ¢Ì¤ ÍÌ¬Ì²Í–fÌ´Ì˜Í•Ì£eÍ€Í–eÌ£Ì¥Ì©lÍ–Í”ÍšiÍ Í“ÍšÌ¦nÍ–ÍÌ—Í“Ì³Ì®gÍ Ì¨oÍ¡ÍšÌªfÌ˜Ì£Ì¬ Ì–Ì˜Í–ÌŸÍ™Ì®cÒ‰Í”Ì«Í–Í“Í‡Í–Í…hÌµÌ¤Ì£ÍšÍ”aÍÌ—Ì¼Í…Í•oÌ¼Ì£Ì¥sÍ¢Ì±ÍˆÌºÌ–Ì¦Ì».Ì›Ì–ÌÌ Ì«Ì°,Pepper - Jalapeno,SEK,Q1,2010,8,10/17/2023,Retail,636
-1E02,Pie Filling - Apple,CNY,Q2,2001,27,09/09/2024,Retail,637
999999999999999999999999999999999999999999999999999999999999999999999999999999999999999999999999,Easy Off Oven Cleaner,BRL,Q4,2004,67,09/06/2024,Wholesale,638
"×‘Ö¼Ö°×¨Öµ××©×Ö´×™×ª, ×‘Ö¼Ö¸×¨Ö¸× ×Ö±×œÖ¹×”Ö´×™×, ×Öµ×ª ×”Ö·×©Ö¼×Ö¸×Ö·×™Ö´×, ×•Ö°×Öµ×ª ×”Ö¸×Ö¸×¨Ö¶×¥",Sauce - Hollandaise,EUR,Q2,1992,10,02/09/2024,Wholesale,639
,Oil - Olive Bertolli,CNY,Q3,2009,67,12/07/2023,Retail,640
00Ë™Æ–$-,Puree - Blackcurrant,ARS,Q3,2011,7,12/22/2023,Wholesale,641
â¦testâ§,Wine - Sicilia Igt Nero Avola,XOF,Q3,2001,76,07/28/2024,Retail,642
NIL,Sausage - Chorizo,EUR,Q3,1993,21,03/30/2024,Retail,643
"""'""'""''''""",V8 - Tropical Blend,XCD,Q3,1965,44,07/19/2024,Wholesale,644
"Ø«Ù… Ù†ÙØ³ Ø³Ù‚Ø·Øª ÙˆØ¨Ø§Ù„ØªØ­Ø¯ÙŠØ¯ØŒ, Ø¬Ø²ÙŠØ±ØªÙŠ Ø¨Ø§Ø³ØªØ®Ø¯Ø§Ù… Ø£Ù† Ø¯Ù†Ùˆ. Ø¥Ø° Ù‡Ù†Ø§ØŸ Ø§Ù„Ø³ØªØ§Ø± ÙˆØªÙ†ØµÙŠØ¨ ÙƒØ§Ù†. Ø£Ù‡Ù‘Ù„ Ø§ÙŠØ·Ø§Ù„ÙŠØ§ØŒ Ø¨Ø±ÙŠØ·Ø§Ù†ÙŠØ§-ÙØ±Ù†Ø³Ø§ Ù‚Ø¯ Ø£Ø®Ø°. Ø³Ù„ÙŠÙ…Ø§Ù†ØŒ Ø¥ØªÙØ§Ù‚ÙŠØ© Ø¨ÙŠÙ† Ù…Ø§, ÙŠØ°ÙƒØ± Ø§Ù„Ø­Ø¯ÙˆØ¯ Ø£ÙŠ Ø¨Ø¹Ø¯, Ù…Ø¹Ø§Ù…Ù„Ø© Ø¨ÙˆÙ„Ù†Ø¯Ø§ØŒ Ø§Ù„Ø¥Ø·Ù„Ø§Ù‚ Ø¹Ù„ Ø¥ÙŠÙˆ.",Appetizer - Chicken Satay,EUR,Q2,1998,9,11/23/2023,Retail,645
á ,Cake - Mini Cheesecake,USD,Q1,1995,52,05/26/2024,Wholesale,646
(â•¯Â°â–¡Â°ï¼‰â•¯ï¸µ â”»â”â”»)  ,Vinegar - Sherry,KZT,Q2,1992,30,01/07/2024,Retail,647
"""'""'""''''""",Durian Fruit,EUR,Q3,1990,98,07/25/2024,Wholesale,648
ğŸ‘©ğŸ½,Chick Peas - Dried,EUR,Q2,2005,48,11/01/2023,Retail,649
NIL,"Iced Tea - Lemon, 340ml",EUR,Q2,2008,41,01/20/2024,Wholesale,650
00Ë™Æ–$-,Gloves - Goldtouch Disposable,IQD,Q4,2009,62,05/07/2024,Retail,651
"""",Sea Bass - Whole,BRL,Q2,1993,52,06/15/2024,Wholesale,652
-1E02,Beer - Upper Canada Light,ALL,Q1,1999,13,01/04/2024,Wholesale,653
-1E2,Bread - Pita,PEN,Q1,1968,37,04/08/2024,Retail,654
Ù¡Ù¢Ù£,Gooseberry,CZK,Q3,2005,61,09/10/2024,Wholesale,655
â°â´âµ,"Wine - Red, Pinot Noir, Chateau",IDR,Q2,1981,84,11/10/2023,Retail,656
ğŸµ ğŸ™ˆ ğŸ™‰ ğŸ™Š,Kellogs Cereal In A Cup,IDR,Q4,1996,70,09/30/2023,Wholesale,657
ì‚¬íšŒê³¼í•™ì› ì–´í•™ì—°êµ¬ì†Œ,Coffee - Flavoured,IDR,Q1,2002,96,10/08/2023,Retail,658
<svg><script>0<1>alert('XSS')</script>,Cactus Pads,IDR,Q2,1995,24,07/27/2024,Wholesale,659
-$1.00,"Asparagus - Green, Fresh",IDR,Q3,1992,63,08/22/2024,Retail,660
â¦testâ§,Boogies,PHP,Q2,2001,86,06/29/2024,Retail,661
â¡,"Flour - Bran, Red",IDR,Q2,1995,97,09/08/2024,Wholesale,662
â¤ï¸ ğŸ’” ğŸ’Œ ğŸ’• ğŸ’ ğŸ’“ ğŸ’— ğŸ’– ğŸ’˜ ğŸ’ ğŸ’Ÿ ğŸ’œ ğŸ’› ğŸ’š ğŸ’™,"Beef - Baby, Liver",USD,Q3,2008,2,06/23/2024,Retail,663
Ù¡Ù¢Ù£,Sauce - Plum,CZK,Q2,2007,93,07/31/2024,Retail,664
"'""'",Macaroons - Two Bite Choc,CNY,Q3,1989,4,02/14/2024,Retail,665
Ã…ÃÃÃËÃ“Ã”ï£¿Ã’ÃšÃ†â˜ƒ,Wine - Prosecco Valdobienne,JPY,Q4,2006,80,02/25/2024,Retail,666
â¤ï¸ ğŸ’” ğŸ’Œ ğŸ’• ğŸ’ ğŸ’“ ğŸ’— ğŸ’– ğŸ’˜ ğŸ’ ğŸ’Ÿ ğŸ’œ ğŸ’› ğŸ’š ğŸ’™,"Yogurt - Peach, 175 Gr",CNY,Q3,1995,79,08/16/2024,Wholesale,667
Î©â‰ˆÃ§âˆšâˆ«ËœÂµâ‰¤â‰¥Ã·,Caviar - Salmon,TND,Q4,1999,44,07/17/2024,Wholesale,668
',"Lemonade - Island Tea, 591 Ml",RUB,Q1,1997,7,01/04/2024,Retail,669
Â¡â„¢Â£Â¢âˆÂ§Â¶â€¢ÂªÂºâ€“â‰ ,Bread Base - Toscano,EUR,Q4,1996,17,05/27/2024,Wholesale,670
../../../../../../../../../../../etc/passwd%00,Lobster - Tail 6 Oz,EUR,Q2,2002,52,01/19/2024,Wholesale,671
å’Œè£½æ¼¢èª,"Oil - Truffle, White",XAF,Q3,2010,77,05/30/2024,Wholesale,672
1/0,"Tomatoes - Cherry, Yellow",MAD,Q4,1989,26,09/28/2023,Wholesale,673
ğ œğ œ±ğ ¹ğ ±“ğ ±¸ğ ²–ğ ³,Shrimp - 150 - 250,NGN,Q4,1996,98,01/14/2024,Wholesale,674
TÌ•Ì­ÌºÌºoÍ Ì·iÌ²Ì¬Í‡ÌªÍ™nÌÌ—Í•vÍŸÌŸÌœÌ˜Ì¦oÌ¶Ì™Ì°Ì keÍ€ÍšÌ®ÌºÌªÌ¹Ì±Ì¤ Ì–tÍÌÍ•Ì³Ì£Ì»ÌªhÌ¼Í“Ì²Ì¦Ì³Ì˜Ì²eÍ‡Ì£Ì°Ì¦Ì¬Í Ì¢Ì¼Ì»Ì±Ì˜hÍ…ÍšÍÍ™ÌœÌ£Ì²iÌ¦Ì²Ì£Ì°Ì¤vÌ»ÍeÌºÌ­Ì³ÌªÌ°-mÌ¢iÍ…nÌ–ÌºÌÌ²Ì¯Ì°dÌµÌ¼ÌŸÍ™Ì©Ì¼Ì˜Ì³ ÌÌ¥Ì±Ì³Ì­rÌ›Ì—Ì˜eÍ™pÍ rÌ¼ÌÌ»Ì­Ì—eÍŸÌºÌ Ì£sÌ˜Í‡Ì³ÍÌÍ‰eÍœÍ‰Ì¥Ì¯ÌÌ²ÍšÌ¬nÍ€Ì¬ÍÍÌŸÌ–Í‡Ì¤tÍ˜ÍÌ¬Í…Ì¤Í“Ì¼Ì­iÌªÌ±nÍ gÌ´Í‰ ÍÍ‰Í…cÌ¬ÌŸhÍ¡aÍ˜Ì«Ì»Ì¯oÌ«ÌŸÌ–ÍÌ™ÌÍ‰sÌ—Ì¦Ì².Ì¨Ì¹ÍˆÌ£,Tuna - Loin,ALL,Q4,2007,64,09/22/2024,Wholesale,675
"<>?:""{}|_+",Red Cod Fillets - 225g,EUR,Q3,2003,73,01/02/2024,Retail,676
() { 0; }; touch /tmp/blns.shellshock1.fail;,V8 - Vegetable Cocktail,IDR,Q4,1998,7,12/01/2023,Retail,677
Ë™Énbá´‰lÉ ÉuÆƒÉÉ¯ ÇÉ¹olop Ê‡Ç ÇÉ¹oqÉl Ê‡n Ê‡unpá´‰pá´‰É”uá´‰ É¹odÉ¯ÇÊ‡ poÉ¯sná´‰Ç op pÇs 'Ê‡á´‰lÇ Æƒuá´‰É”sá´‰dá´‰pÉ É¹nÊ‡ÇÊ‡É”ÇsuoÉ” 'Ê‡ÇÉ¯É Ê‡á´‰s É¹olop É¯nsdá´‰ É¯ÇÉ¹oË¥,Beef - Texas Style Burger,IDR,Q3,2000,6,07/24/2024,Retail,678
../../../../../../../../../../../etc/passwd%00,Sprouts - Brussel,CNY,Q2,2007,60,09/15/2024,Wholesale,679
Ì¡Í“Í…ÌIÍÌ—Ì˜Ì¦nÍ‡Í‡Í™vÌ®Ì«okÌ²Ì«Ì™ÍˆiÌ–Í™Ì­Ì¹Ì ÌnÌ¡Ì»Ì®Ì£ÌºgÌ²ÍˆÍ™Ì­Í™Ì¬Í Ì°tÍ”Ì¦hÌÌ²eÌ¢Ì¤ ÍÌ¬Ì²Í–fÌ´Ì˜Í•Ì£eÍ€Í–eÌ£Ì¥Ì©lÍ–Í”ÍšiÍ Í“ÍšÌ¦nÍ–ÍÌ—Í“Ì³Ì®gÍ Ì¨oÍ¡ÍšÌªfÌ˜Ì£Ì¬ Ì–Ì˜Í–ÌŸÍ™Ì®cÒ‰Í”Ì«Í–Í“Í‡Í–Í…hÌµÌ¤Ì£ÍšÍ”aÍÌ—Ì¼Í…Í•oÌ¼Ì£Ì¥sÍ¢Ì±ÍˆÌºÌ–Ì¦Ì».Ì›Ì–ÌÌ Ì«Ì°,Haggis,XCD,Q3,2006,26,08/03/2024,Wholesale,680
-1/2,Duck - Fat,MXN,Q4,1996,58,03/25/2024,Wholesale,681
`â„â‚¬â€¹â€ºï¬ï¬‚â€¡Â°Â·â€šâ€”Â±,Island Oasis - Strawberry,PLN,Q4,2006,30,10/11/2023,Wholesale,682
1/0,"Quail - Whole, Bone - In",KGS,Q1,1985,44,01/25/2024,Retail,683
null,Arrowroot,RSD,Q4,1995,31,08/05/2024,Wholesale,684
nil,Sea Bass - Whole,CNY,Q1,1996,45,01/02/2024,Wholesale,685
×”Ö¸×™Ö°×ªÖ¸×”testØ§Ù„ØµÙØ­Ø§Øª Ø§Ù„ØªÙ‘Ø­ÙˆÙ„,Pails With Lids,JPY,Q3,2006,56,06/15/2024,Wholesale,686
ğ œğ œ±ğ ¹ğ ±“ğ ±¸ğ ²–ğ ³,Orange - Tangerine,IDR,Q4,2009,97,03/18/2024,Retail,687
<img src=x onerror=alert('hi') />,Mustard - Seed,CNY,Q1,2007,58,04/30/2024,Retail,688
-1E02,Puree - Mango,CNY,Q2,1999,49,02/20/2024,Wholesale,689
1,Soup - Cream Of Potato / Leek,ARS,Q1,1993,40,10/01/2023,Retail,690
â‚€â‚â‚‚,Rice Wine - Aji Mirin,CNY,Q2,1989,17,09/15/2024,Retail,691
Ã…ÃÃÃËÃ“Ã”ï£¿Ã’ÃšÃ†â˜ƒ,"Nut - Pecan, Halves",CNY,Q2,1991,74,08/04/2024,Wholesale,692
â€©testâ€©,Pepper - Jalapeno,CNY,Q4,2010,93,12/26/2023,Retail,693
Ù¡Ù¢Ù£,Bay Leaf,ALL,Q2,1995,97,02/05/2024,Wholesale,694
ğŸ‘©ğŸ½,Syrup - Monin - Blue Curacao,PEN,Q4,2004,72,12/21/2023,Retail,695
Â¸Ë›Ã‡â—ŠÄ±ËœÃ‚Â¯Ë˜Â¿,Goat - Whole Cut,CNY,Q2,2010,78,06/11/2024,Wholesale,696
ãƒ‘ãƒ¼ãƒ†ã‚£ãƒ¼ã¸è¡Œã‹ãªã„ã‹,Bulgar,EUR,Q2,1988,94,07/11/2024,Wholesale,697
(ï½¡â—• âˆ€ â—•ï½¡),Nantucket - Kiwi Berry Cktl.,EUR,Q1,1988,41,11/19/2023,Retail,698
1,Yeast Dry - Fleischman,PLN,Q3,1999,4,04/12/2024,Wholesale,699
á ,Pepper - Cayenne,UAH,Q2,2011,69,01/19/2024,Retail,700
'',"Tart Shells - Barquettes, Savory",CNY,Q1,1997,28,09/04/2024,Wholesale,701
á ,Garbage Bags - Black,KPW,Q3,2006,79,11/30/2023,Wholesale,702
×”Ö¸×™Ö°×ªÖ¸×”testØ§Ù„ØµÙØ­Ø§Øª Ø§Ù„ØªÙ‘Ø­ÙˆÙ„,Lamb - Rack,PHP,Q3,1995,76,02/03/2024,Wholesale,703
âœ‹ğŸ¿ ğŸ’ªğŸ¿ ğŸ‘ğŸ¿ ğŸ™ŒğŸ¿ ğŸ‘ğŸ¿ ğŸ™ğŸ¿,Beets,RUB,Q2,2007,46,08/29/2024,Wholesale,704
×”Ö¸×™Ö°×ªÖ¸×”testØ§Ù„ØµÙØ­Ø§Øª Ø§Ù„ØªÙ‘Ø­ÙˆÙ„,"Pork - Back, Short Cut, Boneless",PHP,Q2,1999,18,11/08/2023,Wholesale,705
â°â´âµ,Broom - Angled,UAH,Q4,2008,66,06/02/2024,Retail,706
Ì¡Í“Í…ÌIÍÌ—Ì˜Ì¦nÍ‡Í‡Í™vÌ®Ì«okÌ²Ì«Ì™ÍˆiÌ–Í™Ì­Ì¹Ì ÌnÌ¡Ì»Ì®Ì£ÌºgÌ²ÍˆÍ™Ì­Í™Ì¬Í Ì°tÍ”Ì¦hÌÌ²eÌ¢Ì¤ ÍÌ¬Ì²Í–fÌ´Ì˜Í•Ì£eÍ€Í–eÌ£Ì¥Ì©lÍ–Í”ÍšiÍ Í“ÍšÌ¦nÍ–ÍÌ—Í“Ì³Ì®gÍ Ì¨oÍ¡ÍšÌªfÌ˜Ì£Ì¬ Ì–Ì˜Í–ÌŸÍ™Ì®cÒ‰Í”Ì«Í–Í“Í‡Í–Í…hÌµÌ¤Ì£ÍšÍ”aÍÌ—Ì¼Í…Í•oÌ¼Ì£Ì¥sÍ¢Ì±ÍˆÌºÌ–Ì¦Ì».Ì›Ì–ÌÌ Ì«Ì°,Sprouts - Onion,PHP,Q2,2012,87,07/05/2024,Wholesale,707
(ï½¡â—• âˆ€ â—•ï½¡),Table Cloth 144x90 White,UGX,Q1,1997,98,03/09/2024,Retail,708
',Lettuce - Green Leaf,MXN,Q3,2008,96,04/07/2024,Wholesale,709
"__ï¾›(,_,*)",Salt - Table,MYR,Q4,2012,35,06/10/2024,Retail,710
TÌ•Ì­ÌºÌºoÍ Ì·iÌ²Ì¬Í‡ÌªÍ™nÌÌ—Í•vÍŸÌŸÌœÌ˜Ì¦oÌ¶Ì™Ì°Ì keÍ€ÍšÌ®ÌºÌªÌ¹Ì±Ì¤ Ì–tÍÌÍ•Ì³Ì£Ì»ÌªhÌ¼Í“Ì²Ì¦Ì³Ì˜Ì²eÍ‡Ì£Ì°Ì¦Ì¬Í Ì¢Ì¼Ì»Ì±Ì˜hÍ…ÍšÍÍ™ÌœÌ£Ì²iÌ¦Ì²Ì£Ì°Ì¤vÌ»ÍeÌºÌ­Ì³ÌªÌ°-mÌ¢iÍ…nÌ–ÌºÌÌ²Ì¯Ì°dÌµÌ¼ÌŸÍ™Ì©Ì¼Ì˜Ì³ ÌÌ¥Ì±Ì³Ì­rÌ›Ì—Ì˜eÍ™pÍ rÌ¼ÌÌ»Ì­Ì—eÍŸÌºÌ Ì£sÌ˜Í‡Ì³ÍÌÍ‰eÍœÍ‰Ì¥Ì¯ÌÌ²ÍšÌ¬nÍ€Ì¬ÍÍÌŸÌ–Í‡Ì¤tÍ˜ÍÌ¬Í…Ì¤Í“Ì¼Ì­iÌªÌ±nÍ gÌ´Í‰ ÍÍ‰Í…cÌ¬ÌŸhÍ¡aÍ˜Ì«Ì»Ì¯oÌ«ÌŸÌ–ÍÌ™ÌÍ‰sÌ—Ì¦Ì².Ì¨Ì¹ÍˆÌ£,"Juice - Pineapple, 341 Ml",EUR,Q2,2004,87,06/25/2024,Wholesale,711
-1E02,Lettuce - Lambs Mash,IRR,Q3,2008,70,09/04/2024,Retail,712
'',"Nut - Walnut, Chopped",RUB,Q2,2002,11,04/08/2024,Wholesale,713
ç¤¾æœƒç§‘å­¸é™¢èªå­¸ç ”ç©¶æ‰€,"Chocolate - Milk, Callets",PEN,Q2,2007,81,08/13/2024,Wholesale,714
-1,Egg Patty Fried,CNY,Q1,2011,36,09/10/2024,Retail,715
Ë™Énbá´‰lÉ ÉuÆƒÉÉ¯ ÇÉ¹olop Ê‡Ç ÇÉ¹oqÉl Ê‡n Ê‡unpá´‰pá´‰É”uá´‰ É¹odÉ¯ÇÊ‡ poÉ¯sná´‰Ç op pÇs 'Ê‡á´‰lÇ Æƒuá´‰É”sá´‰dá´‰pÉ É¹nÊ‡ÇÊ‡É”ÇsuoÉ” 'Ê‡ÇÉ¯É Ê‡á´‰s É¹olop É¯nsdá´‰ É¯ÇÉ¹oË¥,Wine - Shiraz Wolf Blass Premium,EUR,Q3,1992,35,10/16/2023,Wholesale,716
áš€,"Chilli Paste, Hot Sambal Oelek",IDR,Q4,1963,45,04/09/2024,Wholesale,717
â¢,Beef - Cow Feet Split,COP,Q2,2005,7,12/20/2023,Wholesale,718
ãƒ½à¼¼àºˆÙ„Íœàºˆà¼½ï¾‰ ãƒ½à¼¼àºˆÙ„Íœàºˆà¼½ï¾‰ ,Bread Ww Cluster,EUR,Q2,1992,87,11/10/2023,Retail,719
'',Muffin Hinge - 211n,PHP,Q2,1993,56,12/31/2023,Retail,720
<img src=x onerror=alert('hi') />,Beer - Pilsner Urquell,XOF,Q3,1989,75,11/09/2023,Retail,721
â¢,"Crab - Blue, Frozen",RUB,Q3,1999,88,10/14/2023,Wholesale,722
Å“âˆ‘Â´Â®â€ Â¥Â¨Ë†Ã¸Ï€â€œâ€˜,Tart - Raisin And Pecan,ILS,Q4,1996,36,04/02/2024,Wholesale,723
"__ï¾›(,_,*)",Cheese - Grie Des Champ,IDR,Q4,2007,73,02/05/2024,Wholesale,724
TÌ•Ì­ÌºÌºoÍ Ì·iÌ²Ì¬Í‡ÌªÍ™nÌÌ—Í•vÍŸÌŸÌœÌ˜Ì¦oÌ¶Ì™Ì°Ì keÍ€ÍšÌ®ÌºÌªÌ¹Ì±Ì¤ Ì–tÍÌÍ•Ì³Ì£Ì»ÌªhÌ¼Í“Ì²Ì¦Ì³Ì˜Ì²eÍ‡Ì£Ì°Ì¦Ì¬Í Ì¢Ì¼Ì»Ì±Ì˜hÍ…ÍšÍÍ™ÌœÌ£Ì²iÌ¦Ì²Ì£Ì°Ì¤vÌ»ÍeÌºÌ­Ì³ÌªÌ°-mÌ¢iÍ…nÌ–ÌºÌÌ²Ì¯Ì°dÌµÌ¼ÌŸÍ™Ì©Ì¼Ì˜Ì³ ÌÌ¥Ì±Ì³Ì­rÌ›Ì—Ì˜eÍ™pÍ rÌ¼ÌÌ»Ì­Ì—eÍŸÌºÌ Ì£sÌ˜Í‡Ì³ÍÌÍ‰eÍœÍ‰Ì¥Ì¯ÌÌ²ÍšÌ¬nÍ€Ì¬ÍÍÌŸÌ–Í‡Ì¤tÍ˜ÍÌ¬Í…Ì¤Í“Ì¼Ì­iÌªÌ±nÍ gÌ´Í‰ ÍÍ‰Í…cÌ¬ÌŸhÍ¡aÍ˜Ì«Ì»Ì¯oÌ«ÌŸÌ–ÍÌ™ÌÍ‰sÌ—Ì¦Ì².Ì¨Ì¹ÍˆÌ£,Flower - Commercial Bronze,DKK,Q1,2002,49,11/07/2023,Wholesale,725
1.00,Wine - Marlbourough Sauv Blanc,RUB,Q4,1985,58,12/17/2023,Retail,726
ï½€ï½¨(Â´âˆ€ï½€âˆ©,Soup - Campbells,CNY,Q2,1985,33,06/11/2024,Wholesale,727
(ï¾‰à²¥ç›Šà²¥ï¼‰ï¾‰ï»¿ â”»â”â”»,Sunflower Seed Raw,RUB,Q3,2001,37,07/22/2024,Wholesale,728
,Beans - Soya Bean,IDR,Q4,1999,32,09/03/2024,Wholesale,729
<svg><script>0<1>alert('XSS')</script>,"Champagne - Brights, Dry",NAD,Q4,2009,28,04/07/2024,Wholesale,730
null,Wood Chips - Regular,COP,Q1,2011,95,02/02/2024,Wholesale,731
ğŸ˜,Wine - Chateau Aqueria Tavel,RSD,Q3,2008,91,11/10/2023,Retail,732
Â¸Ë›Ã‡â—ŠÄ±ËœÃ‚Â¯Ë˜Â¿,Clam - Cherrystone,SYP,Q3,1998,67,01/18/2024,Wholesale,733
ï»¿,Rice - Brown,PLN,Q2,2006,89,08/02/2024,Retail,734
null,Wine - Chablis 2003 Champs,CNY,Q2,1992,98,06/15/2024,Wholesale,735
Ì¦HÍÌ¬Ì¤Ì—Ì¤eÍœ ÍÌœÌ¥ÌÌ»ÍÌŸwÌ•hÌ–Ì¯Í“oÌÍ™Ì–ÍÌ±Ì® Ò‰ÌºÌ™ÌÌŸÍˆWÌ·Ì¼Ì­aÌºÌªÍiÌ¨ÍˆÍ•Ì­Í™Ì¯ÌœtÌ¶Ì¼Ì®sÌ•Ì˜Í™Í– Ì Ì«Ì BÌ»ÍÍ…Í™Í‰Ì³eÌµhÌµÌ¬Í‡Ì«Í™iÌ•Ì¹Í“Ì³Ì³Ì®ÍÌ«nÍŸdÌ´ÌªÌœÌ– ÍÌ°Í‰Ì©Í…Í‡Í™Ì²TÍ¢Í–Ì¼Í“ÌªhÍÍ“Ì®Ì»eÌ¬ÌÍ…ÌŸ Ì¤Ì¹ÌWÍÍ…Í™ÌÌÍ”Í‡aÍÍ“Í”Ì¹Ì¼Ì£lÌ´Í”Ì°Ì¤ÌŸÍ”lÌ­Ì«.Í•,"Capon - Breast, Double, Wing On",MXN,Q2,1996,80,12/20/2023,Retail,736
-1E+02,Praline Paste,PLN,Q3,1999,34,11/28/2023,Wholesale,737
"""",Wine - Zonnebloem Pinotage,COP,Q2,2007,6,04/30/2024,Wholesale,738
0.00,Wine - Pinot Grigio Collavini,PLN,Q3,1998,90,07/24/2024,Wholesale,739
ğŸ‘¾ ğŸ™‡ ğŸ’ ğŸ™… ğŸ™† ğŸ™‹ ğŸ™ ğŸ™ ,"Beef - Outside, Round",BRL,Q4,2009,79,06/17/2024,Wholesale,740
â¦testâ§,Cheese - Brick With Pepper,MKD,Q2,2013,94,04/03/2024,Retail,741
â£,Tea - Herbal Orange Spice,LRD,Q1,2007,58,09/19/2024,Retail,742
"<>?:""{}|_+",Nantucket Pine Orangebanana,RUB,Q1,2012,75,09/25/2024,Retail,743
!@#$%^&*(),Sobe - Orange Carrot,JMD,Q2,2011,26,05/26/2024,Wholesale,744
1/2,"Wine - White, Pelee Island",HNL,Q3,2004,64,01/08/2024,Wholesale,745
ğŸ‘©ğŸ½,Venison - Denver Leg Boneless,ZAR,Q4,1986,93,12/12/2023,Retail,746
() { _; } >_[$($())] { touch /tmp/blns.shellshock2.fail; },Honey - Lavender,WST,Q4,1997,86,12/23/2023,Wholesale,747
1'; DROP TABLE users--,"Vodka - Lemon, Absolut",PHP,Q2,1995,15,09/13/2024,Retail,748
Â¡â„¢Â£Â¢âˆÂ§Â¶â€¢ÂªÂºâ€“â‰ ,Nantucket - Orange Mango Cktl,IDR,Q3,1998,89,06/14/2024,Retail,749
â€©testâ€©,Nantucket Cranberry Juice,MKD,Q1,1995,97,07/20/2024,Wholesale,750
-1.00,Cookies - Englishbay Oatmeal,CAD,Q1,2012,73,01/21/2024,Retail,751
Ã…ÃÃÃËÃ“Ã”ï£¿Ã’ÃšÃ†â˜ƒ,"Bread - Roll, Whole Wheat",XOF,Q1,1992,22,12/31/2023,Wholesale,752
$1.00,Jello - Assorted,IDR,Q2,2004,94,01/13/2024,Retail,753
Ù¡Ù¢Ù£,Muffin Batt - Choc Chk,PHP,Q3,2012,1,07/08/2024,Retail,754
../../../../../../../../../../../etc/passwd%00,Duck - Whole,SEK,Q2,2012,25,09/21/2024,Wholesale,755
ãƒ½à¼¼àºˆÙ„Íœàºˆà¼½ï¾‰ ãƒ½à¼¼àºˆÙ„Íœàºˆà¼½ï¾‰ ,Pickle - Dill,PLN,Q3,2010,81,07/11/2024,Retail,756
ãƒ½à¼¼àºˆÙ„Íœàºˆà¼½ï¾‰ ãƒ½à¼¼àºˆÙ„Íœàºˆà¼½ï¾‰ ,Cookies Cereal Nut,CNY,Q3,1995,24,10/11/2023,Wholesale,757
ğŸ˜,Grouper - Fresh,IRR,Q3,1993,42,08/09/2024,Retail,758
Ù¡Ù¢Ù£,Lemon Pepper,CNY,Q2,2009,69,10/27/2023,Wholesale,759
Â¸Ë›Ã‡â—ŠÄ±ËœÃ‚Â¯Ë˜Â¿,Mix - Cappucino Cocktail,PEN,Q4,1993,42,08/28/2024,Wholesale,760
NULL,Bread - Raisin Walnut Pull,CNY,Q1,1970,36,05/11/2024,Wholesale,761
() { _; } >_[$($())] { touch /tmp/blns.shellshock2.fail; },Passion Fruit,CNY,Q2,2012,11,10/10/2023,Retail,762
ğŸ˜,Bread Sour Rolls,UAH,Q1,2000,9,04/09/2024,Retail,763
-1/2,"Doilies - 12, Paper",CNY,Q3,1984,23,12/28/2023,Wholesale,764
â¦testâ§,Bandage - Fexible 1x3,CNY,Q1,2004,83,07/10/2024,Wholesale,765
1/2,Cardamon Ground,EUR,Q1,1993,64,05/09/2024,Retail,766
â¦testâ§,Longos - Penne With Pesto,CNY,Q2,1966,62,01/03/2024,Retail,767
ğŸ˜,Bread - Kimel Stick Poly,IDR,Q4,2005,68,01/19/2024,Retail,768
Ì¡Í“Í…ÌIÍÌ—Ì˜Ì¦nÍ‡Í‡Í™vÌ®Ì«okÌ²Ì«Ì™ÍˆiÌ–Í™Ì­Ì¹Ì ÌnÌ¡Ì»Ì®Ì£ÌºgÌ²ÍˆÍ™Ì­Í™Ì¬Í Ì°tÍ”Ì¦hÌÌ²eÌ¢Ì¤ ÍÌ¬Ì²Í–fÌ´Ì˜Í•Ì£eÍ€Í–eÌ£Ì¥Ì©lÍ–Í”ÍšiÍ Í“ÍšÌ¦nÍ–ÍÌ—Í“Ì³Ì®gÍ Ì¨oÍ¡ÍšÌªfÌ˜Ì£Ì¬ Ì–Ì˜Í–ÌŸÍ™Ì®cÒ‰Í”Ì«Í–Í“Í‡Í–Í…hÌµÌ¤Ì£ÍšÍ”aÍÌ—Ì¼Í…Í•oÌ¼Ì£Ì¥sÍ¢Ì±ÍˆÌºÌ–Ì¦Ì».Ì›Ì–ÌÌ Ì«Ì°,Yucca,KRW,Q1,2013,38,01/14/2024,Retail,769
1/2,Oil - Shortening - All - Purpose,RUB,Q1,2012,22,05/15/2024,Retail,770
Ë™Énbá´‰lÉ ÉuÆƒÉÉ¯ ÇÉ¹olop Ê‡Ç ÇÉ¹oqÉl Ê‡n Ê‡unpá´‰pá´‰É”uá´‰ É¹odÉ¯ÇÊ‡ poÉ¯sná´‰Ç op pÇs 'Ê‡á´‰lÇ Æƒuá´‰É”sá´‰dá´‰pÉ É¹nÊ‡ÇÊ‡É”ÇsuoÉ” 'Ê‡ÇÉ¯É Ê‡á´‰s É¹olop É¯nsdá´‰ É¯ÇÉ¹oË¥,Nantucket Cranberry Juice,JPY,Q2,1988,40,04/04/2024,Wholesale,771
$1.00,Ginger - Ground,SLL,Q2,2005,76,03/08/2024,Wholesale,772
../../../../../../../../../../../etc/passwd%00,Pear - Halves,HRK,Q1,1993,61,07/09/2024,Retail,773
ç”°ä¸­ã•ã‚“ã«ã‚ã’ã¦ä¸‹ã•ã„,"Soda Water - Club Soda, 355 Ml",YER,Q3,2011,70,11/26/2023,Retail,774
"""",Lettuce - Treviso,IDR,Q2,2006,84,08/05/2024,Wholesale,775
ğŸš¾ ğŸ†’ ğŸ†“ ğŸ†• ğŸ†– ğŸ†— ğŸ†™ ğŸ§,Spice - Chili Powder Mexican,RSD,Q4,1985,95,05/24/2024,Wholesale,776
-1E+02,"Cheese - Brie,danish",CNY,Q4,2005,42,12/05/2023,Wholesale,777
"""""",Bay Leaf,CNY,Q1,2003,54,01/18/2024,Retail,778
ãƒ‘ãƒ¼ãƒ†ã‚£ãƒ¼ã¸è¡Œã‹ãªã„ã‹,Wine - Chateau Aqueria Tavel,HRK,Q2,2009,53,03/11/2024,Retail,779
"""""",Beer - Camerons Cream Ale,JPY,Q1,2007,52,10/28/2023,Retail,780
"""""",Artichokes - Jerusalem,PLN,Q4,2004,59,01/31/2024,Wholesale,781
ğ œğ œ±ğ ¹ğ ±“ğ ±¸ğ ²–ğ ³,Jolt Cola - Electric Blue,ILS,Q1,2002,28,10/06/2023,Wholesale,782
NIL,Pork - Belly Fresh,CZK,Q4,2002,11,03/23/2024,Retail,783
Â¡â„¢Â£Â¢âˆÂ§Â¶â€¢ÂªÂºâ€“â‰ ,Tea - Apple Green Tea,BRL,Q1,2009,43,01/25/2024,Retail,784
00Ë™Æ–$-,"Wine - Red, Marechal Foch",NGN,Q1,2010,23,05/19/2024,Retail,785
!@#$%^&*(),Beef - Salted,EUR,Q3,2000,37,08/02/2024,Retail,786
../../../../../../../../../../../etc/passwd%00,Hot Chocolate - Individual,IDR,Q3,2002,68,03/26/2024,Retail,787
<svg><script>0<1>alert('XSS')</script>,Liners - Baking Cups,LTL,Q1,2006,28,06/21/2024,Wholesale,788
ìš¸ë€ë°”í† ë¥´,Spice - Pepper Portions,CNY,Q2,2001,16,11/14/2023,Wholesale,789
999999999999999999999999999999999999999999999999999999999999999999999999999999999999999999999999,"Beef - Rib Roast, Cap On",EUR,Q1,1983,80,02/05/2024,Wholesale,790
áš€,Rice - 7 Grain Blend,HRK,Q2,1998,93,05/28/2024,Retail,791
ãƒ‘ãƒ¼ãƒ†ã‚£ãƒ¼ã¸è¡Œã‹ãªã„ã‹,Bread - Raisin,GEL,Q4,1995,47,12/03/2023,Retail,792
,Sherry - Dry,IDR,Q2,1992,96,06/25/2024,Retail,793
1E2,Wine - Delicato Merlot,EUR,Q4,1994,46,01/09/2024,Wholesale,794
"__ï¾›(,_,*)",Milk 2% 500 Ml,RUB,Q2,1992,36,01/17/2024,Wholesale,795
!@#$%^&*(),Crackers Cheez It,AMD,Q2,2011,78,12/02/2023,Retail,796
ï¼‘ï¼’ï¼“,Nori Sea Weed - Gold Label,AFN,Q3,2008,64,10/21/2023,Retail,797
null,Veal - Insides Provini,BRL,Q2,2009,78,12/17/2023,Wholesale,798
â€«testâ€«,Squid U5 - Thailand,ARS,Q1,2003,90,01/28/2024,Retail,799
../../../../../../../../../../../etc/hosts,Butter - Salted,UAH,Q3,1989,74,02/13/2024,Wholesale,800
áš€,Vodka - Smirnoff,SEK,Q1,2002,51,10/23/2023,Retail,801
Ã¥ÃŸâˆ‚Æ’Â©Ë™âˆ†ËšÂ¬â€¦Ã¦,Wakami Seaweed,CAD,Q2,1994,35,11/21/2023,Retail,802
ZÌ®ÌÍ…Ì Í™Í”AÌ¥Ì—ÌÍˆÌ»Ì—LÌ£Í™ÍÌ¯Ì¹ÌÍ“GÌ»OÌ­Ì—Ì®,Glaze - Clear,EUR,Q2,1996,90,02/02/2024,Wholesale,803
ï»¿,Calaloo,IDR,Q2,2007,88,10/09/2023,Wholesale,804
â£,Island Oasis - Wildberry,IDR,Q4,2012,85,02/04/2024,Retail,805
Ã¥ÃŸâˆ‚Æ’Â©Ë™âˆ†ËšÂ¬â€¦Ã¦,Calypso - Black Cherry Lemonade,EUR,Q1,2008,9,03/10/2024,Wholesale,806
() { _; } >_[$($())] { touch /tmp/blns.shellshock2.fail; },Pasta - Ravioli,KZT,Q3,1999,19,04/22/2024,Wholesale,807
ZÌ®ÌÍ…Ì Í™Í”AÌ¥Ì—ÌÍˆÌ»Ì—LÌ£Í™ÍÌ¯Ì¹ÌÍ“GÌ»OÌ­Ì—Ì®,Butter Ripple - Phillips,CNY,Q4,2011,79,06/07/2024,Retail,808
<script>alert('hi')</script>,"Soup - Knorr, Chicken Gumbo",BRL,Q1,2006,12,08/19/2024,Wholesale,809
/dev/null; touch /tmp/blns.fail ; echo,Chips Potato Salt Vinegar 43g,CNY,Q1,2003,61,04/01/2024,Retail,810
â¦testâ§,Pork - Ham Hocks - Smoked,UAH,Q1,1995,91,04/29/2024,Wholesale,811
âœ‹ğŸ¿ ğŸ’ªğŸ¿ ğŸ‘ğŸ¿ ğŸ™ŒğŸ¿ ğŸ‘ğŸ¿ ğŸ™ğŸ¿,Soup - Campbells Chili,CNY,Q3,2004,50,09/16/2024,Retail,812
TÌ•Ì­ÌºÌºoÍ Ì·iÌ²Ì¬Í‡ÌªÍ™nÌÌ—Í•vÍŸÌŸÌœÌ˜Ì¦oÌ¶Ì™Ì°Ì keÍ€ÍšÌ®ÌºÌªÌ¹Ì±Ì¤ Ì–tÍÌÍ•Ì³Ì£Ì»ÌªhÌ¼Í“Ì²Ì¦Ì³Ì˜Ì²eÍ‡Ì£Ì°Ì¦Ì¬Í Ì¢Ì¼Ì»Ì±Ì˜hÍ…ÍšÍÍ™ÌœÌ£Ì²iÌ¦Ì²Ì£Ì°Ì¤vÌ»ÍeÌºÌ­Ì³ÌªÌ°-mÌ¢iÍ…nÌ–ÌºÌÌ²Ì¯Ì°dÌµÌ¼ÌŸÍ™Ì©Ì¼Ì˜Ì³ ÌÌ¥Ì±Ì³Ì­rÌ›Ì—Ì˜eÍ™pÍ rÌ¼ÌÌ»Ì­Ì—eÍŸÌºÌ Ì£sÌ˜Í‡Ì³ÍÌÍ‰eÍœÍ‰Ì¥Ì¯ÌÌ²ÍšÌ¬nÍ€Ì¬ÍÍÌŸÌ–Í‡Ì¤tÍ˜ÍÌ¬Í…Ì¤Í“Ì¼Ì­iÌªÌ±nÍ gÌ´Í‰ ÍÍ‰Í…cÌ¬ÌŸhÍ¡aÍ˜Ì«Ì»Ì¯oÌ«ÌŸÌ–ÍÌ™ÌÍ‰sÌ—Ì¦Ì².Ì¨Ì¹ÍˆÌ£,Wine - Cotes Du Rhone,IDR,Q2,2010,54,03/25/2024,Wholesale,813
Â¸Ë›Ã‡â—ŠÄ±ËœÃ‚Â¯Ë˜Â¿,Lobster - Cooked,ZAR,Q4,1984,78,09/25/2024,Wholesale,814
ğŸµ ğŸ™ˆ ğŸ™‰ ğŸ™Š,"Sauce - Soya, Dark",CZK,Q2,1994,8,11/13/2023,Wholesale,815
ğŸµ ğŸ™ˆ ğŸ™‰ ğŸ™Š,"Soup - Knorr, Chicken Gumbo",RUB,Q2,2002,65,02/01/2024,Wholesale,816
â°â´âµâ‚€â‚â‚‚,Snails - Large Canned,CNY,Q4,1989,38,01/10/2024,Wholesale,817
ğŸ‘©ğŸ½,Butter Balls Salted,PHP,Q2,2008,79,09/04/2024,Retail,818
"""'""'""''''""",Juice - Cranberry 284ml,IDR,Q2,2012,64,08/06/2024,Wholesale,819
ãƒ»(ï¿£âˆ€ï¿£)ãƒ»:*:,Sea Bass - Whole,CNY,Q2,1985,86,03/18/2024,Retail,820
!@#$%^&*(),"Marsala - Sperone, Fine, D.o.c.",XPF,Q4,1995,62,10/16/2023,Retail,821
â°â´âµâ‚€â‚â‚‚,Melon - Cantaloupe,COP,Q4,2009,47,10/10/2023,Wholesale,822
â¡,"Chocolate - Semi Sweet, Calets",IDR,Q4,1993,8,08/06/2024,Retail,823
éƒ¨è½æ ¼,"Chicken - Diced, Cooked",CNY,Q1,2000,74,09/22/2024,Wholesale,824
() { 0; }; touch /tmp/blns.shellshock1.fail;,"Lobster - Baby, Boiled",JPY,Q2,2005,50,01/19/2024,Retail,825
ZÌ®ÌÍ…Ì Í™Í”AÌ¥Ì—ÌÍˆÌ»Ì—LÌ£Í™ÍÌ¯Ì¹ÌÍ“GÌ»OÌ­Ì—Ì®,Veal - Kidney,JPY,Q1,1992,44,09/13/2024,Retail,826
â£,"Tomatoes - Vine Ripe, Red",CNY,Q1,1987,42,11/26/2023,Retail,827
ç¤¾æœƒç§‘å­¸é™¢èªå­¸ç ”ç©¶æ‰€,Clementine,IDR,Q4,2002,6,11/03/2023,Retail,828
ğŸ‘©ğŸ½,Ginger - Fresh,IDR,Q1,1994,4,09/04/2024,Wholesale,829
1E02,Wine - Zonnebloem Pinotage,RUB,Q1,2012,28,01/25/2024,Wholesale,830
-1E02,Apricots - Halves,USD,Q1,2011,36,03/28/2024,Wholesale,831
ìš¸ë€ë°”í† ë¥´,Peas - Frozen,AFN,Q3,2012,44,11/14/2023,Retail,832
ã€€,Tea - Herbal Sweet Dreams,BRL,Q4,2013,96,03/06/2024,Retail,833
1;DROP TABLE users,Pie Shell - 5,VND,Q1,2004,4,01/24/2024,Wholesale,834
1.00,Cheese Cloth No 100,CZK,Q1,2008,66,02/10/2024,Retail,835
null,Shrimp - 150 - 250,MKD,Q3,1992,95,09/21/2024,Retail,836
/dev/null; touch /tmp/blns.fail ; echo,Caviar - Salmon,CNY,Q2,2013,87,05/08/2024,Wholesale,837
1,Mix - Cocktail Ice Cream,MXN,Q1,1972,3,08/27/2024,Retail,838
"'""'",Sweet Pea Sprouts,THB,Q4,2000,31,09/21/2024,Wholesale,839
00Ë™Æ–$-,Dasheen,PKR,Q2,1999,30,07/18/2024,Wholesale,840
ç¤¾æœƒç§‘å­¸é™¢èªå­¸ç ”ç©¶æ‰€,Chicken - Whole Fryers,ARS,Q4,1992,68,05/14/2024,Wholesale,841
ğŸ‘¾ ğŸ™‡ ğŸ’ ğŸ™… ğŸ™† ğŸ™‹ ğŸ™ ğŸ™ ,Bread Base - Italian,IDR,Q4,2006,14,03/01/2024,Wholesale,842
(ï½¡â—• âˆ€ â—•ï½¡),Magnotta - Bel Paese White,LAK,Q1,2007,75,01/24/2024,Wholesale,843
1E2,"Basil - Dry, Rubbed",EUR,Q4,2005,66,07/10/2024,Retail,844
`â„â‚¬â€¹â€ºï¬ï¬‚â€¡Â°Â·â€šâ€”Â±,Pastry - Apple Muffins - Mini,CNY,Q2,2005,48,01/24/2024,Retail,845
() { 0; }; touch /tmp/blns.shellshock1.fail;,Cheese - Ricotta,CNY,Q1,1996,50,05/27/2024,Retail,846
â°â´âµâ‚€â‚â‚‚,Quinoa,IDR,Q4,1992,79,03/18/2024,Retail,847
ãƒ»(ï¿£âˆ€ï¿£)ãƒ»:*:,"Liqueur Banana, Ramazzotti",CNY,Q4,1989,32,07/04/2024,Wholesale,848
$1.00,"Placemat - Scallop, White",ARS,Q3,1995,37,06/12/2024,Wholesale,849
âœ‹ğŸ¿ ğŸ’ªğŸ¿ ğŸ‘ğŸ¿ ğŸ™ŒğŸ¿ ğŸ‘ğŸ¿ ğŸ™ğŸ¿,"Tart Shells - Savory, 4",COP,Q1,2006,16,11/22/2023,Wholesale,850
"""",Sage Ground Wiberg,USD,Q1,1964,51,11/20/2023,Wholesale,851
â€ªâ€ªtestâ€ª,Appetizer - Asian Shrimp Roll,CLP,Q2,2007,85,03/01/2024,Wholesale,852
â€ªâ€ªtestâ€ª,Bread - French Baquette,EUR,Q2,2011,78,10/09/2023,Retail,853
!@#$%^&*(),Lime Cordial - Roses,ARS,Q4,2010,75,02/28/2024,Wholesale,854
ï½€ï½¨(Â´âˆ€ï½€âˆ©,"Mushroom - Shitake, Dry",EUR,Q2,1996,96,01/26/2024,Retail,855
Ë™Énbá´‰lÉ ÉuÆƒÉÉ¯ ÇÉ¹olop Ê‡Ç ÇÉ¹oqÉl Ê‡n Ê‡unpá´‰pá´‰É”uá´‰ É¹odÉ¯ÇÊ‡ poÉ¯sná´‰Ç op pÇs 'Ê‡á´‰lÇ Æƒuá´‰É”sá´‰dá´‰pÉ É¹nÊ‡ÇÊ‡É”ÇsuoÉ” 'Ê‡ÇÉ¯É Ê‡á´‰s É¹olop É¯nsdá´‰ É¯ÇÉ¹oË¥,"Beef - Ox Tongue, Pickled",BRL,Q4,2006,32,06/22/2024,Wholesale,856
-$1.00,Ecolab - Solid Fusion,ARS,Q4,2002,53,04/11/2024,Retail,857
â€ªâ€ªtestâ€ª,"Doilies - 5, Paper",JOD,Q3,1997,54,06/18/2024,Wholesale,858
â°â´âµâ‚€â‚â‚‚,Gelatine Powder,IDR,Q3,1997,31,07/26/2024,Wholesale,859
"""''''""'""",Ice Cream - Strawberry,IDR,Q4,2003,99,07/13/2024,Wholesale,860
ï»¿,Garbag Bags - Black,PHP,Q3,1989,73,02/14/2024,Retail,861
â€©testâ€©,Beans - Fine,PLN,Q4,2011,1,07/10/2024,Retail,862
,Wine - Puligny Montrachet A.,CNY,Q4,1995,10,06/01/2024,Wholesale,863
<img src=x onerror=alert('hi') />,Oil - Grapeseed Oil,BRL,Q4,1991,96,04/04/2024,Retail,864
1;DROP TABLE users,Caviar - Salmon,USD,Q3,2004,85,10/31/2023,Wholesale,865
-1.00,Carbonated Water - White Grape,EUR,Q1,2011,74,06/08/2024,Retail,866
Ë™Énbá´‰lÉ ÉuÆƒÉÉ¯ ÇÉ¹olop Ê‡Ç ÇÉ¹oqÉl Ê‡n Ê‡unpá´‰pá´‰É”uá´‰ É¹odÉ¯ÇÊ‡ poÉ¯sná´‰Ç op pÇs 'Ê‡á´‰lÇ Æƒuá´‰É”sá´‰dá´‰pÉ É¹nÊ‡ÇÊ‡É”ÇsuoÉ” 'Ê‡ÇÉ¯É Ê‡á´‰s É¹olop É¯nsdá´‰ É¯ÇÉ¹oË¥,Cheese - Grana Padano,PLN,Q2,1992,77,02/11/2024,Retail,867
"__ï¾›(,_,*)",Food Colouring - Red,RUB,Q3,1999,59,02/13/2024,Retail,868
1;DROP TABLE users,Bamboo Shoots - Sliced,BRL,Q2,1994,8,05/14/2024,Wholesale,869
-1E02,Juice - Lime,BRL,Q3,2002,89,01/06/2024,Retail,870
Ì¦HÍÌ¬Ì¤Ì—Ì¤eÍœ ÍÌœÌ¥ÌÌ»ÍÌŸwÌ•hÌ–Ì¯Í“oÌÍ™Ì–ÍÌ±Ì® Ò‰ÌºÌ™ÌÌŸÍˆWÌ·Ì¼Ì­aÌºÌªÍiÌ¨ÍˆÍ•Ì­Í™Ì¯ÌœtÌ¶Ì¼Ì®sÌ•Ì˜Í™Í– Ì Ì«Ì BÌ»ÍÍ…Í™Í‰Ì³eÌµhÌµÌ¬Í‡Ì«Í™iÌ•Ì¹Í“Ì³Ì³Ì®ÍÌ«nÍŸdÌ´ÌªÌœÌ– ÍÌ°Í‰Ì©Í…Í‡Í™Ì²TÍ¢Í–Ì¼Í“ÌªhÍÍ“Ì®Ì»eÌ¬ÌÍ…ÌŸ Ì¤Ì¹ÌWÍÍ…Í™ÌÌÍ”Í‡aÍÍ“Í”Ì¹Ì¼Ì£lÌ´Í”Ì°Ì¤ÌŸÍ”lÌ­Ì«.Í•,Pants Custom Dry Clean,IDR,Q2,1989,100,06/02/2024,Wholesale,871
(â•¯Â°â–¡Â°ï¼‰â•¯ï¸µ â”»â”â”»)  ,Buttons,UGX,Q1,2003,75,11/15/2023,Retail,872
Å’â€Â´â€°Ë‡ÃÂ¨Ë†Ã˜âˆâ€â€™,Flour Dark Rye,VND,Q3,2009,59,10/15/2023,Retail,873
Ë™Énbá´‰lÉ ÉuÆƒÉÉ¯ ÇÉ¹olop Ê‡Ç ÇÉ¹oqÉl Ê‡n Ê‡unpá´‰pá´‰É”uá´‰ É¹odÉ¯ÇÊ‡ poÉ¯sná´‰Ç op pÇs 'Ê‡á´‰lÇ Æƒuá´‰É”sá´‰dá´‰pÉ É¹nÊ‡ÇÊ‡É”ÇsuoÉ” 'Ê‡ÇÉ¯É Ê‡á´‰s É¹olop É¯nsdá´‰ É¯ÇÉ¹oË¥,"Juice - Apple, 1.36l",EUR,Q3,1993,78,05/25/2024,Retail,874
999999999999999999999999999999999999999999999999999999999999999999999999999999999999999999999999,Salmon Atl.whole 8 - 10 Lb,RUB,Q3,2009,85,07/25/2024,Retail,875
NIL,Onions - White,RSD,Q1,2008,50,07/15/2024,Wholesale,876
ì‚¬íšŒê³¼í•™ì› ì–´í•™ì—°êµ¬ì†Œ,White Fish - Filets,EUR,Q1,1990,13,05/30/2024,Wholesale,877
â°â´âµ,Dragon Fruit,CNY,Q1,2004,88,04/28/2024,Wholesale,878
ìš¸ë€ë°”í† ë¥´,Olive - Spread Tapenade,USD,Q4,2011,92,07/15/2024,Retail,879
ãƒ‘ãƒ¼ãƒ†ã‚£ãƒ¼ã¸è¡Œã‹ãªã„ã‹,Langers - Cranberry Cocktail,PKR,Q1,2011,1,07/02/2024,Retail,880
å’Œè£½æ¼¢èª,Wine - Periguita Fonseca,BRL,Q1,1953,70,01/16/2024,Wholesale,881
NULL,"Salmon - Atlantic, No Skin",PHP,Q1,1997,81,06/05/2024,Wholesale,882
ğŸ‘¾ ğŸ™‡ ğŸ’ ğŸ™… ğŸ™† ğŸ™‹ ğŸ™ ğŸ™ ,Cheese - Mascarpone,COP,Q2,2011,91,12/21/2023,Retail,883
Â¡â„¢Â£Â¢âˆÂ§Â¶â€¢ÂªÂºâ€“â‰ ,"Pasta - Cappellini, Dry",SEK,Q4,2012,76,03/31/2024,Wholesale,884
ï¾Ÿï½¥âœ¿ãƒ¾â•²(ï½¡â—•â€¿â—•ï½¡)â•±âœ¿ï½¥ï¾Ÿ,Lettuce - Treviso,CNY,Q3,2002,54,07/06/2024,Retail,885
1/2,Beef - Short Ribs,CNY,Q3,2009,17,08/19/2024,Retail,886
"""""",Asparagus - Mexican,IDR,Q3,1986,14,02/11/2024,Retail,887
-1E+02,Muffin Batt - Carrot Spice,EUR,Q3,2013,73,08/12/2024,Wholesale,888
../../../../../../../../../../../etc/passwd%00,Chicken Breast Wing On,EUR,Q1,2008,14,06/06/2024,Retail,889
Â¸Ë›Ã‡â—ŠÄ±ËœÃ‚Â¯Ë˜Â¿,Chocolate - Milk,CAD,Q2,2005,61,10/11/2023,Wholesale,890
ï½€ï½¨(Â´âˆ€ï½€âˆ©,Cookie Dough - Oatmeal Rasin,CNY,Q1,2005,8,11/29/2023,Retail,891
â£,Creme De Cacao White,IDR,Q3,1993,77,11/26/2023,Wholesale,892
$1.00,Garlic Powder,CNY,Q3,2004,34,07/27/2024,Retail,893
-1E02,Squid Ink,MYR,Q1,1999,6,03/21/2024,Retail,894
testâ testâ€«,Vinegar - Red Wine,SEK,Q1,2009,31,05/27/2024,Retail,895
ç¤¾æœƒç§‘å­¸é™¢èªå­¸ç ”ç©¶æ‰€,Bandage - Finger Cots,CNY,Q1,2009,45,09/14/2024,Wholesale,896
Ì¡Í“Í…ÌIÍÌ—Ì˜Ì¦nÍ‡Í‡Í™vÌ®Ì«okÌ²Ì«Ì™ÍˆiÌ–Í™Ì­Ì¹Ì ÌnÌ¡Ì»Ì®Ì£ÌºgÌ²ÍˆÍ™Ì­Í™Ì¬Í Ì°tÍ”Ì¦hÌÌ²eÌ¢Ì¤ ÍÌ¬Ì²Í–fÌ´Ì˜Í•Ì£eÍ€Í–eÌ£Ì¥Ì©lÍ–Í”ÍšiÍ Í“ÍšÌ¦nÍ–ÍÌ—Í“Ì³Ì®gÍ Ì¨oÍ¡ÍšÌªfÌ˜Ì£Ì¬ Ì–Ì˜Í–ÌŸÍ™Ì®cÒ‰Í”Ì«Í–Í“Í‡Í–Í…hÌµÌ¤Ì£ÍšÍ”aÍÌ—Ì¼Í…Í•oÌ¼Ì£Ì¥sÍ¢Ì±ÍˆÌºÌ–Ì¦Ì».Ì›Ì–ÌÌ Ì«Ì°,Pails With Lids,RUB,Q3,2007,12,01/14/2024,Wholesale,897
ğŸ‘©ğŸ½,Chinese Foods - Chicken,NGN,Q4,1990,7,07/23/2024,Wholesale,898
áš€,Wine - Black Tower Qr,TND,Q3,2012,53,11/23/2023,Retail,899
Ù¡Ù¢Ù£,"Sauce - Bernaise, Mix",PHP,Q1,2004,38,08/24/2024,Retail,900
<img src=x onerror=alert('hi') />,"Hickory Smoke, Liquid",GTQ,Q3,1997,83,09/13/2024,Wholesale,901
Ù¡Ù¢Ù£,Lettuce - Green Leaf,COP,Q1,2010,21,06/13/2024,Retail,902
â°â´âµâ‚€â‚â‚‚,Southern Comfort,RUB,Q1,2012,50,04/07/2024,Retail,903
ï¾Ÿï½¥âœ¿ãƒ¾â•²(ï½¡â—•â€¿â—•ï½¡)â•±âœ¿ï½¥ï¾Ÿ,Coffee Beans - Chocolate,CNY,Q2,1962,46,07/18/2024,Retail,904
() { _; } >_[$($())] { touch /tmp/blns.shellshock2.fail; },"Cup - 6oz, Foam",CAD,Q3,2012,33,08/10/2024,Wholesale,905
ìš¸ë€ë°”í† ë¥´,Eggwhite Frozen,BRL,Q3,2011,57,12/17/2023,Wholesale,906
NIL,Carbonated Water - Lemon Lime,CZK,Q1,1985,28,08/25/2024,Retail,907
-1E+02,Trueblue - Blueberry,PLN,Q2,2002,77,10/04/2023,Wholesale,908
ã€€,Pectin,CAD,Q1,2009,1,01/22/2024,Wholesale,909
Ã…ÃÃÃËÃ“Ã”ï£¿Ã’ÃšÃ†â˜ƒ,Beer - Sleemans Cream Ale,XOF,Q4,2002,10,01/09/2024,Retail,910
<svg><script>0<1>alert('XSS')</script>,Goat - Whole Cut,CNY,Q4,1994,14,04/15/2024,Wholesale,911
Ì—ÌºÍ–Ì¹Ì¯Í“TÌ±Ì¤ÍÌ¥Í‡ÍˆhÍÌ²eÍÍ“Ì¼Ì—Ì™Ì¼Ì£Í” Í‡ÌœÌ±Ì Í“ÍÍ…NÍ Í•eÌ—Ì±zÌ˜ÌÌœÌºÍ™pÌ¤ÌºÌ¹ÍÌ¯ÍšeÍœÌ Ì»Ì rÌ¨Ì¤ÍÌºÌ–Í”Ì–Ì–dÍŸÌ ÌŸÌ­Ì¬ÌiÌ¦Í–Ì©Í“Í”Ì¤aÌ Ì—Ì¬Í‰Ì™nÍœÍš Ì»ÌÌ°ÍšÍ…hÌµÍ‰iÌ³ÌvÌ¢Í‡eÍŸÌ­Í-Ò‰Ì­Ì©Ì¼Í”mÌ¤Ì­Ì«iÍ•Í‡ÌÌ¦nÌ—Í™dÌ£ÌŸ ÍÌ¯Ì²Í•oÌ¨ÌŸÌ¯Ì°Ì²Í™Ì»Ìf Í˜ÌªÌ°Ì°Ì—Ì–Ì­Ì˜cÌ¦ÍÌ²ÌÍÌ©Ì™hÌ£ÍšaÍœÌ®ÍÌŸÌ™oÌ›Ì©Ì¹ÍsÌ¤.ÌÌ Ò‰ZÌ¡Ì–ÌœÍ–Ì°Ì£Í‰ÌœaÍ¡Í–Ì°Í™Ì¬lÌ²Ì«Ì³ÍÌ©gÌ¡ÌŸÌ¼Ì±ÍšÌÌ¬Í…oÍœÌ—.ÌŸ,Lamb Shoulder Boneless Nz,UYU,Q3,1998,33,03/05/2024,Wholesale,912
TÌ•Ì­ÌºÌºoÍ Ì·iÌ²Ì¬Í‡ÌªÍ™nÌÌ—Í•vÍŸÌŸÌœÌ˜Ì¦oÌ¶Ì™Ì°Ì keÍ€ÍšÌ®ÌºÌªÌ¹Ì±Ì¤ Ì–tÍÌÍ•Ì³Ì£Ì»ÌªhÌ¼Í“Ì²Ì¦Ì³Ì˜Ì²eÍ‡Ì£Ì°Ì¦Ì¬Í Ì¢Ì¼Ì»Ì±Ì˜hÍ…ÍšÍÍ™ÌœÌ£Ì²iÌ¦Ì²Ì£Ì°Ì¤vÌ»ÍeÌºÌ­Ì³ÌªÌ°-mÌ¢iÍ…nÌ–ÌºÌÌ²Ì¯Ì°dÌµÌ¼ÌŸÍ™Ì©Ì¼Ì˜Ì³ ÌÌ¥Ì±Ì³Ì­rÌ›Ì—Ì˜eÍ™pÍ rÌ¼ÌÌ»Ì­Ì—eÍŸÌºÌ Ì£sÌ˜Í‡Ì³ÍÌÍ‰eÍœÍ‰Ì¥Ì¯ÌÌ²ÍšÌ¬nÍ€Ì¬ÍÍÌŸÌ–Í‡Ì¤tÍ˜ÍÌ¬Í…Ì¤Í“Ì¼Ì­iÌªÌ±nÍ gÌ´Í‰ ÍÍ‰Í…cÌ¬ÌŸhÍ¡aÍ˜Ì«Ì»Ì¯oÌ«ÌŸÌ–ÍÌ™ÌÍ‰sÌ—Ì¦Ì².Ì¨Ì¹ÍˆÌ£,Tamarillo,CNY,Q4,2004,50,02/09/2024,Retail,913
ğŸµ ğŸ™ˆ ğŸ™‰ ğŸ™Š,Loquat,IDR,Q2,1966,76,04/19/2024,Retail,914
"""""",Peach - Fresh,ALL,Q3,2008,36,08/12/2024,Wholesale,915
',Sprouts - Peppercress,IRR,Q2,2007,95,01/25/2024,Wholesale,916
Â¸Ë›Ã‡â—ŠÄ±ËœÃ‚Â¯Ë˜Â¿,Muffin - Banana Nut Individual,HTG,Q4,2008,59,10/17/2023,Retail,917
1E2,Pickerel - Fillets,IDR,Q2,2001,37,03/08/2024,Wholesale,918
â€ªâ€ªtestâ€ª,Mushroom - Chanterelle Frozen,PKR,Q3,2006,25,05/11/2024,Wholesale,919
â€ªâ€ªtestâ€ª,Veal - Ground,CNY,Q1,2002,78,06/02/2024,Retail,920
ï½€ï½¨(Â´âˆ€ï½€âˆ©,Galliano,JPY,Q3,2010,76,05/19/2024,Retail,921
-1/2,"Soup - Campbells, Chix Gumbo",NOK,Q1,1994,2,02/28/2024,Retail,922
00Ë™Æ–$-,Jerusalem Artichoke,EUR,Q3,2005,98,10/22/2023,Wholesale,923
Î©â‰ˆÃ§âˆšâˆ«ËœÂµâ‰¤â‰¥Ã·,Wiberg Cure,PEN,Q4,2012,70,01/16/2024,Retail,924
$1.00,Soup - Base Broth Beef,MKD,Q3,2011,37,01/01/2024,Wholesale,925
() { _; } >_[$($())] { touch /tmp/blns.shellshock2.fail; },Sponge Cake Mix - Vanilla,PHP,Q4,2013,51,02/01/2024,Wholesale,926
â°â´âµ,"Wine - White, Riesling, Semi - Dry",CNY,Q2,2009,31,08/10/2024,Retail,927
,Apricots Fresh,IDR,Q3,2006,66,10/28/2023,Wholesale,928
ìš¸ë€ë°”í† ë¥´,Anchovy Paste - 56 G Tube,COP,Q4,2005,24,04/16/2024,Wholesale,929
-1,Carrots - Jumbo,IRR,Q3,2003,81,09/24/2024,Retail,930
-1E+02,Potatoes - Pei 10 Oz,NGN,Q2,1989,15,02/28/2024,Retail,931
-1E2,Halibut - Steaks,SEK,Q4,1997,83,07/04/2024,Retail,932
Ì¦HÍÌ¬Ì¤Ì—Ì¤eÍœ ÍÌœÌ¥ÌÌ»ÍÌŸwÌ•hÌ–Ì¯Í“oÌÍ™Ì–ÍÌ±Ì® Ò‰ÌºÌ™ÌÌŸÍˆWÌ·Ì¼Ì­aÌºÌªÍiÌ¨ÍˆÍ•Ì­Í™Ì¯ÌœtÌ¶Ì¼Ì®sÌ•Ì˜Í™Í– Ì Ì«Ì BÌ»ÍÍ…Í™Í‰Ì³eÌµhÌµÌ¬Í‡Ì«Í™iÌ•Ì¹Í“Ì³Ì³Ì®ÍÌ«nÍŸdÌ´ÌªÌœÌ– ÍÌ°Í‰Ì©Í…Í‡Í™Ì²TÍ¢Í–Ì¼Í“ÌªhÍÍ“Ì®Ì»eÌ¬ÌÍ…ÌŸ Ì¤Ì¹ÌWÍÍ…Í™ÌÌÍ”Í‡aÍÍ“Í”Ì¹Ì¼Ì£lÌ´Í”Ì°Ì¤ÌŸÍ”lÌ­Ì«.Í•,Mussels - Cultivated,RUB,Q4,1991,75,10/23/2023,Wholesale,933
",./;'[]\-=",Capers - Ox Eye Daisy,CNY,Q2,1994,28,11/21/2023,Retail,934
ğŸ‘¾ ğŸ™‡ ğŸ’ ğŸ™… ğŸ™† ğŸ™‹ ğŸ™ ğŸ™ ,"Juice - Grapefruit, 341 Ml",BRL,Q3,1983,11,08/20/2024,Wholesale,935
1/2,Quail Eggs - Canned,EUR,Q3,2006,70,06/14/2024,Wholesale,936
ğŸ˜,Juice - Apple 284ml,IDR,Q4,2011,31,06/01/2024,Retail,937
999999999999999999999999999999999999999999999999999999999999999999999999999999999999999999999999,Pork - Backs - Boneless,CNY,Q4,2010,93,03/17/2024,Wholesale,938
ğŸ˜,Container Clear 8 Oz,MMK,Q2,1985,57,01/10/2024,Wholesale,939
-$1.00,Wine - Barolo Fontanafredda,EUR,Q1,2000,14,05/31/2024,Wholesale,940
â€«testâ€«,Pails With Lids,CNY,Q3,1986,50,04/30/2024,Retail,941
"'""'",Plastic Arrow Stir Stick,RUB,Q3,2002,39,05/08/2024,Wholesale,942
ç¤¾æœƒç§‘å­¸é™¢èªå­¸ç ”ç©¶æ‰€,Garam Marsala,EUR,Q1,2001,76,08/10/2024,Wholesale,943
éƒ¨è½æ ¼,Truffle Cups Green,CNY,Q4,2011,81,07/22/2024,Retail,944
â¦testâ§,"Wine - Red, Cabernet Sauvignon",IDR,Q4,2009,59,08/05/2024,Wholesale,945
TÌ•Ì­ÌºÌºoÍ Ì·iÌ²Ì¬Í‡ÌªÍ™nÌÌ—Í•vÍŸÌŸÌœÌ˜Ì¦oÌ¶Ì™Ì°Ì keÍ€ÍšÌ®ÌºÌªÌ¹Ì±Ì¤ Ì–tÍÌÍ•Ì³Ì£Ì»ÌªhÌ¼Í“Ì²Ì¦Ì³Ì˜Ì²eÍ‡Ì£Ì°Ì¦Ì¬Í Ì¢Ì¼Ì»Ì±Ì˜hÍ…ÍšÍÍ™ÌœÌ£Ì²iÌ¦Ì²Ì£Ì°Ì¤vÌ»ÍeÌºÌ­Ì³ÌªÌ°-mÌ¢iÍ…nÌ–ÌºÌÌ²Ì¯Ì°dÌµÌ¼ÌŸÍ™Ì©Ì¼Ì˜Ì³ ÌÌ¥Ì±Ì³Ì­rÌ›Ì—Ì˜eÍ™pÍ rÌ¼ÌÌ»Ì­Ì—eÍŸÌºÌ Ì£sÌ˜Í‡Ì³ÍÌÍ‰eÍœÍ‰Ì¥Ì¯ÌÌ²ÍšÌ¬nÍ€Ì¬ÍÍÌŸÌ–Í‡Ì¤tÍ˜ÍÌ¬Í…Ì¤Í“Ì¼Ì­iÌªÌ±nÍ gÌ´Í‰ ÍÍ‰Í…cÌ¬ÌŸhÍ¡aÍ˜Ì«Ì»Ì¯oÌ«ÌŸÌ–ÍÌ™ÌÍ‰sÌ—Ì¦Ì².Ì¨Ì¹ÍˆÌ£,"Pork - Loin, Boneless",CNY,Q3,2009,37,10/08/2023,Wholesale,946
ç¤¾æœƒç§‘å­¸é™¢èªå­¸ç ”ç©¶æ‰€,Scallops - U - 10,UAH,Q3,1986,34,12/25/2023,Retail,947
ç”°ä¸­ã•ã‚“ã«ã‚ã’ã¦ä¸‹ã•ã„,Bandage - Finger Cots,IDR,Q1,1998,7,06/14/2024,Retail,948
(â•¯Â°â–¡Â°ï¼‰â•¯ï¸µ â”»â”â”»)  ,Sausage - Breakfast,USD,Q2,2001,30,06/04/2024,Wholesale,949
Ù¡Ù¢Ù£,Cheese - Bakers Cream Cheese,SEK,Q2,1990,71,05/13/2024,Wholesale,950
â¤ï¸ ğŸ’” ğŸ’Œ ğŸ’• ğŸ’ ğŸ’“ ğŸ’— ğŸ’– ğŸ’˜ ğŸ’ ğŸ’Ÿ ğŸ’œ ğŸ’› ğŸ’š ğŸ’™,"Beef - Outside, Round",COP,Q3,2012,70,11/06/2023,Wholesale,951
ï¾Ÿï½¥âœ¿ãƒ¾â•²(ï½¡â—•â€¿â—•ï½¡)â•±âœ¿ï½¥ï¾Ÿ,"Wine - Red, Lurton Merlot De",CAD,Q1,2009,88,02/15/2024,Wholesale,952
â€‹,Glucose,IDR,Q2,1998,17,05/03/2024,Wholesale,953
"'""'",Pizza Pizza Dough,VEF,Q2,2000,93,09/30/2023,Retail,954
(ï¾‰à²¥ç›Šà²¥ï¼‰ï¾‰ï»¿ â”»â”â”»,"Lemonade - Natural, 591 Ml",BRL,Q3,1999,42,07/31/2024,Wholesale,955
â¤ï¸ ğŸ’” ğŸ’Œ ğŸ’• ğŸ’ ğŸ’“ ğŸ’— ğŸ’– ğŸ’˜ ğŸ’ ğŸ’Ÿ ğŸ’œ ğŸ’› ğŸ’š ğŸ’™,"Beef - Bones, Marrow",CNY,Q2,2003,50,01/03/2024,Retail,956
<script>alert('hi')</script>,"Soup - Knorr, Country Bean",RUB,Q3,2010,49,01/13/2024,Retail,957
"""",Cheese - Camembert,SEK,Q1,1989,94,04/22/2024,Wholesale,958
nil,Meldea Green Tea Liquor,UAH,Q1,1998,98,07/16/2024,Wholesale,959
Ì¡Í“Í…ÌIÍÌ—Ì˜Ì¦nÍ‡Í‡Í™vÌ®Ì«okÌ²Ì«Ì™ÍˆiÌ–Í™Ì­Ì¹Ì ÌnÌ¡Ì»Ì®Ì£ÌºgÌ²ÍˆÍ™Ì­Í™Ì¬Í Ì°tÍ”Ì¦hÌÌ²eÌ¢Ì¤ ÍÌ¬Ì²Í–fÌ´Ì˜Í•Ì£eÍ€Í–eÌ£Ì¥Ì©lÍ–Í”ÍšiÍ Í“ÍšÌ¦nÍ–ÍÌ—Í“Ì³Ì®gÍ Ì¨oÍ¡ÍšÌªfÌ˜Ì£Ì¬ Ì–Ì˜Í–ÌŸÍ™Ì®cÒ‰Í”Ì«Í–Í“Í‡Í–Í…hÌµÌ¤Ì£ÍšÍ”aÍÌ—Ì¼Í…Í•oÌ¼Ì£Ì¥sÍ¢Ì±ÍˆÌºÌ–Ì¦Ì».Ì›Ì–ÌÌ Ì«Ì°,Lobster - Cooked,CNY,Q4,1999,3,05/24/2024,Wholesale,960
-1/2,Oil - Coconut,CNY,Q4,2004,14,09/01/2024,Retail,961
-1.00,Sugar Thermometer,CNY,Q4,2009,73,03/01/2024,Wholesale,962
ï»¿,Oyster - In Shell,VND,Q4,2008,45,09/21/2024,Retail,963
0.00,Versatainer Nc - 8288,IDR,Q4,2013,2,07/22/2024,Wholesale,964
1/2,Salt - Table,CNY,Q4,2007,55,10/26/2023,Retail,965
0/0,Poppy Seed,PHP,Q3,2002,81,07/27/2024,Wholesale,966
(â•¯Â°â–¡Â°ï¼‰â•¯ï¸µ â”»â”â”»)  ,Ecolab Digiclean Mild Fm,CZK,Q1,1994,93,04/05/2024,Retail,967
testâ testâ€«,Lambcasing,BRL,Q4,1992,55,08/21/2024,Wholesale,968
,Bread - Mini Hamburger Bun,CNY,Q1,1999,38,03/11/2024,Wholesale,969
â‚€â‚â‚‚,Chocolate Liqueur - Godet White,KGS,Q2,1996,60,09/29/2023,Retail,970
Ã…ÃÃÃËÃ“Ã”ï£¿Ã’ÃšÃ†â˜ƒ,Laundry - Bag Cloth,KRW,Q4,2003,7,09/17/2024,Retail,971
â‚€â‚â‚‚,"Wine - White, Gewurtzraminer",XAF,Q3,1991,58,03/16/2024,Wholesale,972
(ï¾‰à²¥ç›Šà²¥ï¼‰ï¾‰ï»¿ â”»â”â”»,Vector Energy Bar,EUR,Q3,1996,29,09/10/2024,Wholesale,973
0/0,"Pepper - Paprika, Hungarian",PLN,Q2,2003,20,12/23/2023,Wholesale,974
NULL,Sea Bass - Whole,PLN,Q4,1990,30,02/12/2024,Wholesale,975
Ì¡Í“Í…ÌIÍÌ—Ì˜Ì¦nÍ‡Í‡Í™vÌ®Ì«okÌ²Ì«Ì™ÍˆiÌ–Í™Ì­Ì¹Ì ÌnÌ¡Ì»Ì®Ì£ÌºgÌ²ÍˆÍ™Ì­Í™Ì¬Í Ì°tÍ”Ì¦hÌÌ²eÌ¢Ì¤ ÍÌ¬Ì²Í–fÌ´Ì˜Í•Ì£eÍ€Í–eÌ£Ì¥Ì©lÍ–Í”ÍšiÍ Í“ÍšÌ¦nÍ–ÍÌ—Í“Ì³Ì®gÍ Ì¨oÍ¡ÍšÌªfÌ˜Ì£Ì¬ Ì–Ì˜Í–ÌŸÍ™Ì®cÒ‰Í”Ì«Í–Í“Í‡Í–Í…hÌµÌ¤Ì£ÍšÍ”aÍÌ—Ì¼Í…Í•oÌ¼Ì£Ì¥sÍ¢Ì±ÍˆÌºÌ–Ì¦Ì».Ì›Ì–ÌÌ Ì«Ì°,Greens Mustard,PHP,Q2,1988,20,02/03/2024,Wholesale,976
1'; DROP TABLE users--,Soap - Mr.clean Floor Soap,CUP,Q4,1993,22,02/15/2024,Retail,977
Ã¥ÃŸâˆ‚Æ’Â©Ë™âˆ†ËšÂ¬â€¦Ã¦,"Yogurt - Raspberry, 175 Gr",IDR,Q1,2009,13,10/31/2023,Retail,978
$1.00,"Beef - Tenderlion, Center Cut",EUR,Q1,2001,14,06/19/2024,Retail,979
,Knife Plastic - White,CNY,Q2,1997,29,11/12/2023,Wholesale,980
â¤ï¸ ğŸ’” ğŸ’Œ ğŸ’• ğŸ’ ğŸ’“ ğŸ’— ğŸ’– ğŸ’˜ ğŸ’ ğŸ’Ÿ ğŸ’œ ğŸ’› ğŸ’š ğŸ’™,Anchovy In Oil,CNY,Q4,1992,91,09/05/2024,Wholesale,981
ãƒ½à¼¼àºˆÙ„Íœàºˆà¼½ï¾‰ ãƒ½à¼¼àºˆÙ„Íœàºˆà¼½ï¾‰ ,"Pork - Loin, Center Cut",EUR,Q4,1983,11,06/15/2024,Retail,982
ğŸš¾ ğŸ†’ ğŸ†“ ğŸ†• ğŸ†– ğŸ†— ğŸ†™ ğŸ§,"Pasta - Canelloni, Single Serve",XPF,Q3,2001,75,09/29/2023,Retail,983
ğŸµ ğŸ™ˆ ğŸ™‰ ğŸ™Š,Mayonnaise,RSD,Q3,1995,67,11/25/2023,Wholesale,984
ï¼‘ï¼’ï¼“,Sunflower Seed Raw,PHP,Q3,1998,8,07/19/2024,Retail,985
â°â´âµâ‚€â‚â‚‚,Pan Grease,EUR,Q4,2005,74,08/14/2024,Retail,986
Î©â‰ˆÃ§âˆšâˆ«ËœÂµâ‰¤â‰¥Ã·,Filling - Mince Meat,AMD,Q2,2010,56,03/14/2024,Wholesale,987
"'""'",Longos - Penne With Pesto,MNT,Q3,2009,80,02/02/2024,Retail,988
`â„â‚¬â€¹â€ºï¬ï¬‚â€¡Â°Â·â€šâ€”Â±,Flour - Strong Pizza,PHP,Q3,2010,17,08/15/2024,Retail,989
"""''''""'""",Dc - Sakura Fu,UAH,Q1,2007,96,01/25/2024,Wholesale,990
â€©testâ€©,Sachet,CNY,Q2,1997,31,11/20/2023,Wholesale,991
ï»¿,Chocolate - Feathers,AZN,Q4,2005,88,06/26/2024,Wholesale,992
Â¸Ë›Ã‡â—ŠÄ±ËœÃ‚Â¯Ë˜Â¿,Bread - Italian Roll With Herbs,BRL,Q2,1992,12,12/04/2023,Wholesale,993
-1/2,Shrimp - 150 - 250,IRR,Q4,1998,60,11/07/2023,Wholesale,994
<svg><script>0<1>alert('XSS')</script>,Quail Eggs - Canned,CNY,Q1,2006,28,06/10/2024,Wholesale,995
../../../../../../../../../../../etc/hosts,"Quail - Whole, Bone - In",XAF,Q4,2007,55,02/27/2024,Wholesale,996
ã€€,Chips Potato All Dressed - 43g,CZK,Q1,2007,95,11/06/2023,Wholesale,997
/dev/null; touch /tmp/blns.fail ; echo,Muffin - Mix - Mango Sour Cherry,IDR,Q3,1986,16,12/08/2023,Wholesale,998
1/2,Macaroons - Two Bite Choc,SEK,Q1,1992,50,09/04/2024,Wholesale,999
Ë™Énbá´‰lÉ ÉuÆƒÉÉ¯ ÇÉ¹olop Ê‡Ç ÇÉ¹oqÉl Ê‡n Ê‡unpá´‰pá´‰É”uá´‰ É¹odÉ¯ÇÊ‡ poÉ¯sná´‰Ç op pÇs 'Ê‡á´‰lÇ Æƒuá´‰É”sá´‰dá´‰pÉ É¹nÊ‡ÇÊ‡É”ÇsuoÉ” 'Ê‡ÇÉ¯É Ê‡á´‰s É¹olop É¯nsdá´‰ É¯ÇÉ¹oË¥,"Juice - Tomato, 48 Oz",MNT,Q1,2012,84,03/23/2024,Wholesale,1000
